branch_world_seed,bank_world_seed,year,branch_id,branch_name,risk_group,structural_six_year_closure_prob,neutral_annual_hazard,customer_pressure,deposit_pressure,transaction_pressure,credit_pressure,cost_pressure,digital_substitution,network_overlap,operational_pressure,local_shock_flag,local_shock_magnitude,macro_growth_factor,credit_cycle_factor,financial_stress_factor,digitalization_factor,systemic_shock,systemic_shock_flag,closure_pressure,closures_before_draw,saturation_multiplier,annual_closure_probability,closure_draw,closed_this_year,closure_reason
20260901,1146763347,2021,001,Treinta y Tres,A_CORE,6e-05,1.0000250009190026e-05,-0.07151741262611239,-0.6073682669107601,0.40778570685974014,0.13130575072804718,0.5906963901857945,-0.634801623474502,0.36260622714320956,0.29116396981053105,False,0.0,-0.0383134021192894,-0.0097784110809269,-0.2554040117319202,0.1872051279833187,0.0,False,0.02559892958802905,0,1.0,1.0186275987719954e-05,0.10653878371936942,False,
20260901,1146763347,2021,002,Vergara,D_VULNERABLE,0.075,0.012909537991917963,0.5661940571836891,-0.45131506093877616,0.049621531121245455,0.5988671165875794,-0.06917971764492792,-0.14605732754067982,0.3803810772342514,1.2831902922638663,False,0.0,-0.0383134021192894,-0.0097784110809269,-0.2554040117319202,0.1872051279833187,0.0,False,0.16885428283964393,0,1.0,0.014578407578360953,0.5501063922644994,False,
20260901,1146763347,2021,003,José Pedro Varela,C_STANDARD,0.028,0.00472206159867683,-0.23078635725817503,-0.5946408933739042,0.6344224012000069,-0.08120026653119855,-0.1290877328969553,0.3800879218907086,-0.14927399722911588,0.020420762112043328,False,0.0,-0.0383134021192894,-0.0097784110809269,-0.2554040117319202,0.1872051279833187,0.0,False,-0.02956537935215202,0,1.0,0.004622605053076841,0.3606042672216514,False,
20260901,1146763347,2021,004,La Charqueada,D_VULNERABLE,0.095,0.01649909655059567,0.12136714541863924,0.6449224930993782,0.5667096328821879,-0.5178797374216446,0.13799058842924894,-0.6183091852028041,-0.37443934670723694,0.14790288138655505,False,0.0,-0.0383134021192894,-0.0097784110809269,-0.2554040117319202,0.1872051279833187,0.0,False,0.04404842877342216,0,1.0,0.01703074931843892,0.46335751639529266,False,
20260901,1146763347,2021,005,Melo,B_STRATEGIC,0.006,0.0010025092058050245,-0.018855079639713446,0.013260033685457723,-0.2403465169792955,-0.6946377775029942,-0.4004368260702829,-0.6915029920637067,0.1285590620053817,0.1826565414195415,False,0.0,-0.0383134021192894,-0.0097784110809269,-0.2554040117319202,0.1872051279833187,0.0,False,-0.27070289968841327,0,1.0,0.0008249767913242621,0.5695348941771996,False,
20260901,1146763347,2021,006,Cerro Chato,D_VULNERABLE,0.09,0.015595556519907738,0.4666837652253334,0.8867577673736682,0.5448202093122096,-0.09034699285454484,-0.09980308901272747,0.7446227501918183,0.2765447023679066,-0.3178863434020998,False,0.0,-0.0383134021192894,-0.0097784110809269,-0.2554040117319202,0.1872051279833187,0.0,False,0.3246418463058464,0,1.0,0.019702157835729876,0.8848114998582378,False,
20260901,1146763347,2021,007,Santa Clara de Olimar,D_VULNERABLE,0.12,0.021080201746559446,0.6417757149731494,0.06631607739565465,-0.3700217081072622,0.20316646899325325,-0.28049007830603345,0.6252241080101015,0.8683023530620564,0.055381329298302626,False,0.0,-0.0383134021192894,-0.0097784110809269,-0.2554040117319202,0.1872051279833187,0.0,False,0.14778075532028073,0,1.0,0.02344685657606032,0.667886224695613,False,
20260901,1146763347,2021,008,Rocha,B_STRATEGIC,0.011,0.0018417930403104021,-0.6226168786071308,-0.47260123540762683,-0.7347698811083777,0.06162632796579931,0.5763303234176558,0.8240052751106258,0.12757130472219258,-0.3617783536057021,False,0.0,-0.0383134021192894,-0.0097784110809269,-0.2554040117319202,0.1872051279833187,0.0,False,-0.132401425202558,0,1.0,0.00167432575416077,0.42499877047466417,False,
20260901,1146763347,2021,009,Chuy,D_VULNERABLE,0.085,0.014696144149711432,0.21969755288193,-0.45523059996941806,0.003900647556619119,0.6703408436857065,-0.33996962630528965,-0.26975063491085666,0.6336964281213942,-0.32259774061665625,False,0.0,-0.0383134021192894,-0.0097784110809269,-0.2554040117319202,0.1872051279833187,0.0,False,-0.030465688638261688,0,1.0,0.014377289748014882,0.5871272086028213,False,
20260901,1146763347,2021,010,Río Branco,C_STANDARD,0.045,0.007644619866971847,0.27059181509693353,-0.14327793868540345,-0.03981995856432765,0.16103386541404005,-0.70826294337504,0.41014580042234117,0.7271577633118647,0.6336250849839916,False,0.0,-0.0383134021192894,-0.0097784110809269,-0.2554040117319202,0.1872051279833187,0.0,False,0.05304856212739416,0,1.0,0.00794225372773676,0.25017953575784035,False,
20260901,1146763347,2021,011,Aceguá,D_VULNERABLE,0.1,0.01740680614731016,0.7312492696679467,-0.4813292058104405,-0.2613702036045764,0.47060060660501246,1.3611637516639001,-0.613113978740955,0.30533809086064456,0.30293456026919385,False,0.0,-0.0383134021192894,-0.0097784110809269,-0.2554040117319202,0.1872051279833187,0.0,False,0.20503339043172736,0,1.0,0.020175829503792483,0.6905936990374737,False,
20260901,1146763347,2021,012,Minas,B_STRATEGIC,0.012,0.002010073962457337,-0.11283775923115064,-0.2943514896978194,-0.6751640603510785,-0.21290441260527504,-0.5044071879034491,0.04090533625786083,-0.582833170007418,-0.3523965049518034,False,0.0,-0.0383134021192894,-0.0097784110809269,-0.2554040117319202,0.1872051279833187,0.0,False,-0.3660485401696694,0,1.0,0.001544370786878994,0.5002098060162915,False,
20260901,1146763347,2021,013,Maldonado,B_STRATEGIC,0.006,0.0010025092058050245,0.11839858642552362,-0.04662726492284605,-1.2961369009218902,-0.3633432518413615,-0.2048779800182896,0.5139189080968933,-0.2116987140107521,0.11305418909067208,False,0.0,-0.0383134021192894,-0.0097784110809269,-0.2554040117319202,0.1872051279833187,0.0,False,-0.2059931524351547,0,1.0,0.0008643227672363248,0.373529450544806,False,
20260901,1146763347,2021,014,Piriápolis,D_VULNERABLE,0.11,0.01923490498096092,-0.0710363094611407,0.08831129379615893,0.16137790488613948,0.14471182816675726,0.004915924238813929,0.010963966000164166,0.5263684949557341,0.15735052685834908,False,0.0,-0.0383134021192894,-0.0097784110809269,-0.2554040117319202,0.1872051279833187,0.0,False,0.07614447778213866,0,1.0,0.02031888238159552,0.7541971992729404,False,
20260901,1146763347,2021,015,Punta del Este,B_STRATEGIC,0.01,0.0016736538523104416,-0.012736751379062994,-0.38203419009142425,0.0007212780912131678,-0.5701135120103987,0.3788658871308832,0.4926088291378137,-0.23639552932774882,0.35738968349892575,False,0.0,-0.0383134021192894,-0.0097784110809269,-0.2554040117319202,0.1872051279833187,0.0,False,-0.027178126593717454,0,1.0,0.0016412217282616927,0.3453324587003095,False,
20260901,1146763347,2021,016,La Paloma,D_VULNERABLE,0.095,0.01649909655059567,0.5182032368207795,0.11477381800525062,-0.11742535607035283,-0.13648253052622553,0.5841531389684393,0.1795662869238241,-0.6759872396761291,0.11096204991619324,False,0.0,-0.0383134021192894,-0.0097784110809269,-0.2554040117319202,0.1872051279833187,0.0,False,0.09477749427172093,0,1.0,0.017664295886472937,0.5619347044691297,False,
20260901,1146763347,2021,017,Montevideo Centro,A_CORE,0.0015,0.00025015639338155093,-0.6933043386840934,-0.4119025568602105,-0.4545968448032177,-0.20869120116646594,-0.9438438388041843,-0.24664621472213183,-0.06606586479724166,-0.3649447929860298,False,0.0,-0.0383134021192894,-0.0097784110809269,-0.2554040117319202,0.1872051279833187,0.0,False,-0.4915323439728433,0,1.0,0.00017559549186808252,0.7094932769339941,False,
20260901,1146763347,2021,018,Pando,C_STANDARD,0.05,0.008512444610847103,0.9397861525015339,-0.36433915338785133,-0.6162905660150796,-0.4630934112000111,0.18020047707035136,0.2284403038414436,-0.3060142191635711,-0.9409548845985978,False,0.0,-0.0383134021192894,-0.0097784110809269,-0.2554040117319202,0.1872051279833187,0.0,False,-0.1318256367722876,0,1.0,0.007741648939389117,0.4043981319848704,False,
20260901,1146763347,2021,019,WTC,B_STRATEGIC,0.009,0.001505656136097322,-0.04347889748009387,-0.5471524576528239,-1.486003314206008,0.06224690869855878,0.09235367948067633,-0.7751254740808278,0.5849678977511149,-0.17437611587269877,False,0.0,-0.0383134021192894,-0.0097784110809269,-0.2554040117319202,0.1872051279833187,0.0,False,-0.315764852081372,0,1.0,0.0011994679464605751,0.3656088830279799,False,
20260901,1146763347,2021,020,Canelones,B_STRATEGIC,0.01,0.0016736538523104416,-0.5329810186044159,0.4831368375947908,-0.5891776736635453,-0.06380065557515244,-0.12126126449541641,-0.6262292204034117,0.4122175031149615,-0.3579280614111156,False,0.0,-0.0383134021192894,-0.0097784110809269,-0.2554040117319202,0.1872051279833187,0.0,False,-0.23107894006470775,0,1.0,0.0014171280662314584,0.026326016123214502,False,
20260901,1146763347,2021,021,Durazno,C_STANDARD,0.03,0.005063670756198957,0.34078051888212685,-0.4641505616397118,-0.09228844890023032,0.1171462349180096,0.2649213995529139,0.2971410948222911,-0.13908260234618985,-0.008549125499069887,True,0.9030304826269533,-0.0383134021192894,-0.0097784110809269,-0.2554040117319202,0.1872051279833187,0.0,False,0.11293725250836661,0,1.0,0.005492626124128429,0.3937543928620716,False,
20260901,1146763347,2021,022,Rivera,B_STRATEGIC,0.012,0.002010073962457337,0.07753395068828588,0.9214429738177361,-0.355129553910155,-0.4268252007902209,0.5900575046460891,-0.413119739143907,-0.07520481068021805,-0.3411784435932917,False,0.0,-0.0383134021192894,-0.0097784110809269,-0.2554040117319202,0.1872051279833187,0.0,False,0.01253604059867773,0,1.0,0.002028298913003657,0.8043397347904366,False,
20260901,1146763347,2021,023,Las Piedras,C_STANDARD,0.042,0.007125740823183402,0.20438539434511838,-0.705251152576339,-0.642652358356325,0.12241677689126729,0.8282176856167223,-0.5940874931398076,-0.10405725252389098,0.25666909579581887,False,0.0,-0.0383134021192894,-0.0097784110809269,-0.2554040117319202,0.1872051279833187,0.0,False,-0.12559423090620742,0,1.0,0.006509651030780528,0.3138840041999684,False,
20260901,1146763347,2021,024,Tacuarembó,B_STRATEGIC,0.013,0.0021784968818643335,0.06502746329776657,0.011372107285001529,-0.6450121954033846,0.06386570908249298,-0.17707820788966339,0.16232375194278514,0.9518507481138058,0.170097446258251,False,0.0,-0.0383134021192894,-0.0097784110809269,-0.2554040117319202,0.1872051279833187,0.0,False,-0.035210374650436325,0,1.0,0.0021239629622743328,0.5433842210793682,False,
20260901,1146763347,2021,025,Prado,C_STANDARD,0.048,0.008164859015498682,0.4049460198219793,-0.7541139965218998,0.6781544082494483,0.42539914009946567,0.8063880897035636,0.22632306622745094,-0.3362020460063547,0.14752277936597613,False,0.0,-0.0383134021192894,-0.0097784110809269,-0.2554040117319202,0.1872051279833187,0.0,False,0.22750710077931957,0,1.0,0.009618079147297814,0.3994538685750272,False,
20260901,1146763347,2021,026,Carrasco,C_STANDARD,0.035,0.005920268673714868,0.4070120876500954,0.4422810179780457,0.5689033912292518,-0.02046187593404021,0.1920578190318132,-0.514889085767979,-0.05917166816864705,0.3937183547581633,False,0.0,-0.0383134021192894,-0.0097784110809269,-0.2554040117319202,0.1872051279833187,0.0,False,0.18153743983033083,0,1.0,0.00674693810986459,0.05177904442045467,False,
20260901,1146763347,2021,027,Colonia del Sacramento,B_STRATEGIC,0.01,0.0016736538523104416,0.2965807204782087,0.3246195743583507,-0.6643604385862247,-0.8328644241772876,-0.15682921770476704,0.292537929160879,-0.166018053979896,-0.1511787389844701,False,0.0,-0.0383134021192894,-0.0097784110809269,-0.2554040117319202,0.1872051279833187,0.0,False,-0.16077534535593851,0,1.0,0.001490707624872495,0.7562719693126987,False,
20260901,1146763347,2021,028,Ciudad de la Costa,C_STANDARD,0.045,0.007644619866971847,-0.5078506705530033,0.293064169647998,0.4900678240673875,-0.5754486527768896,0.11748209134521442,0.06948556738378223,0.5740108280715887,0.30996334308562545,False,0.0,-0.0383134021192894,-0.0097784110809269,-0.2554040117319202,0.1872051279833187,0.0,False,0.04714755580236325,0,1.0,0.007908580863326607,0.3637137685420191,False,
20260901,1146763347,2021,029,Florida,C_STANDARD,0.03,0.005063670756198957,-0.6047999963417143,0.009972102601554234,0.237935540270517,0.04010525022783859,-0.27215833212579843,-0.162420191550475,-0.5579044974344124,0.321235983448176,False,0.0,-0.0383134021192894,-0.0097784110809269,-0.2554040117319202,0.1872051279833187,0.0,False,-0.15206264814521048,0,1.0,0.004538545378558541,0.5385535343616288,False,
20260901,1146763347,2021,030,San José de Mayo,C_STANDARD,0.028,0.00472206159867683,0.3035301513173613,-0.22455916598503953,-0.10694951552474215,-0.5419939738865712,0.354764100694574,0.13924266620585177,0.10453298110773099,-0.12903125716620648,False,0.0,-0.0383134021192894,-0.0097784110809269,-0.2554040117319202,0.1872051279833187,0.0,False,-0.025415670683215753,0,1.0,0.004636437080654113,0.7863731261345376,False,
20260901,1146763347,2021,031,Mercedes,B_STRATEGIC,0.011,0.0018417930403104021,0.30072754390589856,0.5475600065926859,0.40038681661568154,0.9668021171915854,-0.34313728478767436,-1.2789272909130394,-0.4271764483197491,-0.24502734174333318,False,0.0,-0.0383134021192894,-0.0097784110809269,-0.2554040117319202,0.1872051279833187,0.0,False,0.057512521717560494,0,1.0,0.0019196609678275081,0.5539690048209706,False,
20260901,1146763347,2021,032,Salto,B_STRATEGIC,0.008,0.0013377996300605322,-0.38628693661071406,-0.12891462649241325,-0.11106020253950442,0.5107182082376472,0.026843652413275878,0.238854299961965,0.0012355955921624154,-0.6566558452096346,False,0.0,-0.0383134021192894,-0.0097784110809269,-0.2554040117319202,0.1872051279833187,0.0,False,-0.07230353647680932,0,1.0,0.0012699374545991045,0.5738273563850734,False,
20260901,1146763347,2021,033,Trinidad,C_STANDARD,0.038,0.006436004347869617,0.1549550615158698,0.2888191377651489,0.4079588694443992,-0.29558072505552857,-0.06737072401199426,0.020345445555868598,-0.28697770773523745,0.005185097909663039,False,0.0,-0.0383134021192894,-0.0097784110809269,-0.2554040117319202,0.1872051279833187,0.0,False,0.04176144323995626,0,1.0,0.006632462438849799,0.08567073523389512,False,
20260901,1146763347,2021,034,Paysandú,B_STRATEGIC,0.009,0.001505656136097322,0.3966802041032298,-0.3146921049743063,-0.9459078407041894,-0.2859035086334782,-0.3428895079316309,0.38269663701415035,-0.961500868651976,-0.9288175208974486,False,0.0,-0.0383134021192894,-0.0097784110809269,-0.2554040117319202,0.1872051279833187,0.0,False,-0.3526551449128661,0,1.0,0.0011680282487470713,0.027973928145415994,False,
20260901,1146763347,2021,035,Fray Bentos,C_STANDARD,0.032,0.0054058673761743226,0.23968829603059189,-0.5080594034717696,0.3509139661682201,-0.7414093540789733,-0.08105821461508084,-0.05499163377060182,0.7053712546661621,-0.1431831872459977,False,0.0,-0.0383134021192894,-0.0097784110809269,-0.2554040117319202,0.1872051279833187,0.0,False,-0.062380072474191584,0,1.0,0.005168441863159455,0.4402392369828686,False,
20260901,1146763347,2021,036,Artigas,C_STANDARD,0.04,0.006780573220505293,0.2522404386720707,0.7953150193757665,-0.2360425036667114,-0.45926904714875966,0.778484555388536,-0.21378495915764467,0.29012569855432624,-0.10850779590327489,False,0.0,-0.0383134021192894,-0.0097784110809269,-0.2554040117319202,0.1872051279833187,0.0,False,0.13513325443951368,0,1.0,0.007473456333427176,0.13436193607013502,False,
20260901,1146763347,2021,037,Colón,D_VULNERABLE,0.08,0.013800818181815777,0.15363179257326903,0.22773349378931854,0.21639610071812176,0.6163930666758604,0.49387633527148755,0.17587342722368424,0.37340004940580424,-0.08356007308336061,False,0.0,-0.0383134021192894,-0.0097784110809269,-0.2554040117319202,0.1872051279833187,0.0,False,0.25935062236068124,0,1.0,0.016634191850946105,0.5883431246360621,False,
20260901,1146763347,2022,001,Treinta y Tres,A_CORE,6e-05,1.0000250009190026e-05,-0.01689077978219202,0.08466071029600819,0.6609232519699095,-0.6114566004236541,0.7334600346720308,-0.8660090028652911,0.1386815218829216,0.6064792335208185,False,0.0,-0.400093458670876,-0.5633350473197356,-0.0645186911540176,-0.2412139985004898,0.0,False,0.10149516709681743,0,1.0,1.0758397516080824e-05,0.2765537490126949,False,
20260901,1146763347,2022,002,Vergara,D_VULNERABLE,0.075,0.012909537991917963,-0.04537905403765058,-0.44066436308715984,-0.16854101426527804,0.38853597165217546,-0.05439432540795164,-0.529588467413971,0.0955683958668116,0.9551597593541485,False,0.0,-0.400093458670876,-0.5633350473197356,-0.0645186911540176,-0.2412139985004898,0.0,False,-0.05418250395682188,0,1.0,0.012415615744281412,0.9452056228314405,False,
20260901,1146763347,2022,003,José Pedro Varela,C_STANDARD,0.028,0.00472206159867683,-0.597597138697044,0.4253449925704146,0.5842425434607128,-0.3556814994935803,-0.4100462045225842,0.23844289231227594,-0.3709192637762218,0.12204812854716594,False,0.0,-0.400093458670876,-0.5633350473197356,-0.0645186911540176,-0.2412139985004898,0.0,False,-0.03392764421571941,0,1.0,0.004608109009929405,0.8734063155320009,False,
20260901,1146763347,2022,004,La Charqueada,D_VULNERABLE,0.095,0.01649909655059567,-0.33059849459153834,0.5296255533609132,1.2708952695153584,-0.6150562500285426,0.5719817969669037,-0.901198002253293,-0.1688022135559655,-0.2972615189932725,False,0.0,-0.400093458670876,-0.5633350473197356,-0.0645186911540176,-0.2412139985004898,0.0,False,0.10369240584121524,0,1.0,0.017778043010088146,0.4416226770046555,False,
20260901,1146763347,2022,005,Melo,B_STRATEGIC,0.006,0.0010025092058050245,-0.027977589529751948,0.4347754658266058,-0.1425764559939524,-0.4396244221335727,-1.0909254210376018,-0.24696979071575118,0.3659425336811998,0.4303299445578753,False,0.0,-0.400093458670876,-0.5633350473197356,-0.0645186911540176,-0.2412139985004898,0.0,False,-0.14701074657648325,0,1.0,0.0009018187923230105,0.8652023494474324,False,
20260901,1146763347,2022,006,Cerro Chato,D_VULNERABLE,0.09,0.015595556519907738,0.6782595548903932,0.7341862648016179,0.8205447400462974,-0.30981027680336476,-0.29176631705758094,0.7098812027226714,0.514986786827845,0.389390914725505,False,0.0,-0.400093458670876,-0.5633350473197356,-0.0645186911540176,-0.2412139985004898,0.0,False,0.4102656175269469,0,1.0,0.020954999967650184,0.9893741226630838,False,
20260901,1146763347,2022,007,Santa Clara de Olimar,D_VULNERABLE,0.12,0.021080201746559446,0.5761922722540064,-0.3609304221718516,0.6807444296829115,0.14539245601521528,0.3720037037728784,0.49646039915713275,0.9186970130881424,0.43691419885660604,False,0.0,-0.400093458670876,-0.5633350473197356,-0.0645186911540176,-0.2412139985004898,0.0,False,0.3820759188183623,0,1.0,0.027755359472719083,0.5861072754453995,False,
20260901,1146763347,2022,008,Rocha,B_STRATEGIC,0.011,0.0018417930403104021,-0.2742298091878881,-0.03878536687785311,-0.5174990112898293,-0.06318035447851322,0.5432410191827247,0.32746680980656867,0.08316819704052758,0.0905961422290262,False,0.0,-0.400093458670876,-0.5633350473197356,-0.0645186911540176,-0.2412139985004898,0.0,False,-0.014795410539706004,0,1.0,0.001822277112886927,0.13125424878799163,False,
20260901,1146763347,2022,009,Chuy,D_VULNERABLE,0.085,0.014696144149711432,0.4066816530226255,-0.16263334161588686,0.36810543503836257,0.18741176398824783,0.11545391165673594,-0.5144689357994358,0.46418280719629773,-0.4682963287970565,False,0.0,-0.400093458670876,-0.5633350473197356,-0.0645186911540176,-0.2412139985004898,0.0,False,0.07678474265936724,0,1.0,0.015531499248345385,0.986612043546279,False,
20260901,1146763347,2022,010,Río Branco,C_STANDARD,0.045,0.007644619866971847,-0.5051532843669413,-0.4351987486229151,-0.5511264911540018,-0.32420515942251865,0.26967519567869536,0.7045203980518948,0.8060848974751413,0.6830860576424873,False,0.0,-0.400093458670876,-0.5633350473197356,-0.0645186911540176,-0.2412139985004898,0.0,False,-0.0384522662535165,0,1.0,0.007435876663752309,0.7665385783670988,False,
20260901,1146763347,2022,011,Aceguá,D_VULNERABLE,0.1,0.01740680614731016,1.1997470721610204,-0.4627655200879555,0.03874299298956929,0.44501939253613015,1.7131979135649757,-0.22426656612467988,0.4498904215629802,-0.45437841855739813,False,0.0,-0.400093458670876,-0.5633350473197356,-0.0645186911540176,-0.2412139985004898,0.0,False,0.40296409833480523,0,1.0,0.023266055164590203,0.33482244448471965,False,
20260901,1146763347,2022,012,Minas,B_STRATEGIC,0.012,0.002010073962457337,-0.11926675068800463,-0.039616651077818504,0.09164456386611908,-0.47837242165471056,-1.0040433713999675,0.6143548634410108,-1.1015901291561891,0.08708787743567711,False,0.0,-0.400093458670876,-0.5633350473197356,-0.0645186911540176,-0.2412139985004898,0.0,False,-0.22189459257740338,0,1.0,0.0017132761452458294,0.15961815609837682,False,
20260901,1146763347,2022,013,Maldonado,B_STRATEGIC,0.006,0.0010025092058050245,0.23949956581049398,-0.2165048235803077,-1.5723164106145648,0.13513950226019888,0.3468752780604776,-0.22620985143779204,-0.12359622362854701,-1.1430905150660455,False,0.0,-0.400093458670876,-0.5633350473197356,-0.0645186911540176,-0.2412139985004898,0.0,False,-0.20962245762759407,0,1.0,0.0008620671539939167,0.6501131316393224,False,
20260901,1146763347,2022,014,Piriápolis,D_VULNERABLE,0.11,0.01923490498096092,0.09870343498180838,0.6412236135112022,0.5163352574650115,-0.3881692560296939,-0.13008898597484678,-0.31456418728983354,1.4319533224288574,0.429841702797053,True,1.5436404448486618,-0.400093458670876,-0.5633350473197356,-0.0645186911540176,-0.2412139985004898,0.0,False,0.38106981417288793,0,1.0,0.025307400491169238,0.15456931873112156,False,
20260901,1146763347,2022,015,Punta del Este,B_STRATEGIC,0.01,0.0016736538523104416,0.050464902533810405,-0.5984268839767288,-0.35995552173280176,-0.11021104960181566,0.6002240309897174,0.043367953850250496,0.4403188209422237,-0.14239342455059184,False,0.0,-0.400093458670876,-0.5633350473197356,-0.0645186911540176,-0.2412139985004898,0.0,False,-0.03658393707154228,0,1.0,0.0016301446239086036,0.2291553105248123,False,
20260901,1146763347,2022,016,La Paloma,D_VULNERABLE,0.095,0.01649909655059567,0.31981844019263483,0.4873003468599134,0.5023162050087141,-0.6612002144331545,0.6414400813786391,0.7733678157103935,-0.6876055261045817,-0.10066659441602498,False,0.0,-0.400093458670876,-0.5633350473197356,-0.0645186911540176,-0.2412139985004898,0.0,False,0.242757720987939,0,1.0,0.019650272069773437,0.6971337526812186,False,
20260901,1146763347,2022,017,Montevideo Centro,A_CORE,0.0015,0.00025015639338155093,-0.28095640629502017,-0.20864704881971996,-0.49245619356477105,0.6852035078116233,-0.6181290769248798,-0.6804036520035546,-0.25795910259281324,-0.8715934844286446,False,0.0,-0.400093458670876,-0.5633350473197356,-0.0645186911540176,-0.2412139985004898,0.0,False,-0.33531512075962056,0,1.0,0.0001964994060880293,0.3853763943712888,False,
20260901,1146763347,2022,018,Pando,C_STANDARD,0.05,0.008512444610847103,1.1524789216121007,-0.19290003088630725,-0.12624318310185378,0.22597893861354623,-0.04141458969866965,-0.32977299382511915,-0.11739708848423627,-0.4552552432224583,False,0.0,-0.400093458670876,-0.5633350473197356,-0.0645186911540176,-0.2412139985004898,0.0,False,0.05802551449051499,0,1.0,0.008875614168800857,0.11971575917883737,False,
20260901,1146763347,2022,019,WTC,B_STRATEGIC,0.009,0.001505656136097322,0.5453011070125142,-0.4296193561823025,-0.28985642939186707,0.16935695590865274,-0.3195886056398456,-0.7658668668892505,1.0640163951325663,-0.27591370699152223,False,0.0,-0.400093458670876,-0.5633350473197356,-0.0645186911540176,-0.2412139985004898,0.0,False,-0.08779113396811421,0,1.0,0.0014134296934294078,0.21680433876406657,False,
20260901,1146763347,2022,020,Canelones,B_STRATEGIC,0.01,0.0016736538523104416,-1.1286684508339213,0.9855460931866442,-0.596500885415273,0.18329931376386505,-0.09762108358866878,-0.24320875711756085,0.994253239434264,-0.953739455850283,False,0.0,-0.400093458670876,-0.5633350473197356,-0.0645186911540176,-0.2412139985004898,0.0,False,-0.12893436508539047,0,1.0,0.001525277604204804,0.4556375893568335,False,
20260901,1146763347,2022,021,Durazno,C_STANDARD,0.03,0.005063670756198957,0.267960215093032,-0.2896832680854446,0.3814806030628828,0.5471764852883251,-0.2633450347459958,0.7129339273703913,-0.4702451121656521,-0.7551818282920899,False,0.0,-0.400093458670876,-0.5633350473197356,-0.0645186911540176,-0.2412139985004898,0.0,False,0.07926736549072898,0,1.0,0.005361073148597825,0.14868789332894117,False,
20260901,1146763347,2022,022,Rivera,B_STRATEGIC,0.012,0.002010073962457337,-0.5158012302806201,0.5273999083889612,-0.12621459141693703,-0.178312389852453,0.004125550964258984,-0.24881842241771918,0.40797361626024364,-0.5209912801802358,False,0.0,-0.400093458670876,-0.5633350473197356,-0.0645186911540176,-0.2412139985004898,0.0,False,-0.0859109121634983,0,1.0,0.0018895064584567843,0.9287490333074693,False,
20260901,1146763347,2022,023,Las Piedras,C_STANDARD,0.042,0.007125740823183402,0.3976313120248113,0.1056996013054523,-0.23583335208072437,-0.5046616529243311,0.3466059788714362,-0.6039252560222172,-0.0812629623620352,0.5575146647375617,False,0.0,-0.400093458670876,-0.5633350473197356,-0.0645186911540176,-0.2412139985004898,0.0,False,-0.020615440682843753,0,1.0,0.0070207537118984,0.4452203687872738,False,
20260901,1146763347,2022,024,Tacuarembó,B_STRATEGIC,0.013,0.0021784968818643335,0.1633166965962396,-0.18645720578803013,-0.5283018568485203,-0.11553524754779942,-0.4852468507284575,0.40739492748937234,0.7361014931200566,0.05080240367367686,False,0.0,-0.400093458670876,-0.5633350473197356,-0.0645186911540176,-0.2412139985004898,0.0,False,-0.07318926741005645,0,1.0,0.002066670509293513,0.7710266501480415,False,
20260901,1146763347,2022,025,Prado,C_STANDARD,0.048,0.008164859015498682,-0.1939553468052041,-0.39438529652423615,0.9303937816642778,0.4106859509868128,0.20131985493260096,-0.23702776179656354,0.2962243699780979,-0.442150014154746,False,0.0,-0.400093458670876,-0.5633350473197356,-0.0645186911540176,-0.2412139985004898,0.0,False,0.11119223978348747,0,1.0,0.008845402849157536,0.7187399250727627,False,
20260901,1146763347,2022,026,Carrasco,C_STANDARD,0.035,0.005920268673714868,0.3950418280818516,0.7329173785619134,0.44911722578237134,0.6088666394259714,-0.42205507381946483,-1.0415113605281547,0.7616568896290848,0.38903124098719577,False,0.0,-0.400093458670876,-0.5633350473197356,-0.0645186911540176,-0.2412139985004898,0.0,False,0.20968324017617435,0,1.0,0.006885059436298095,0.7732401690582476,False,
20260901,1146763347,2022,027,Colonia del Sacramento,B_STRATEGIC,0.01,0.0016736538523104416,0.7633320349153822,1.2898764661623776,-0.8705653195463088,-0.6311976055646996,-0.4142293810134706,0.23895134944098168,0.3785003018012153,-0.3787209524244441,False,0.0,-0.400093458670876,-0.5633350473197356,-0.0645186911540176,-0.2412139985004898,0.0,False,0.03520013664928534,0,1.0,0.0017166131835112167,0.37133946100702986,False,
20260901,1146763347,2022,028,Ciudad de la Costa,C_STANDARD,0.045,0.007644619866971847,-0.48798892987571046,0.4083097457325776,0.6825086081326941,-1.035978375495295,0.44759207820851643,-0.34177583217876534,1.2011121905202702,0.1577764473915027,False,0.0,-0.400093458670876,-0.5633350473197356,-0.0645186911540176,-0.2412139985004898,0.0,False,0.106798657617213,0,1.0,0.008255644502637056,0.11049506476828497,False,
20260901,1146763347,2022,029,Florida,C_STANDARD,0.03,0.005063670756198957,0.4819856861079954,-0.16376444398945222,0.8099129991082259,-0.3416453073133403,0.21798849791644156,0.19063196527499165,-1.0823258786855985,0.2912680797949741,False,0.0,-0.400093458670876,-0.5633350473197356,-0.0645186911540176,-0.2412139985004898,0.0,False,0.13556961071918522,0,1.0,0.005582863327428915,0.3796375613995421,False,
20260901,1146763347,2022,030,San José de Mayo,C_STANDARD,0.028,0.00472206159867683,-0.14424236745080465,-0.262483915997652,-0.11122114924157066,-0.15313647530734534,-0.007105043414581624,0.3330677051322577,0.46800014191880396,0.34827897823484383,False,0.0,-0.400093458670876,-0.5633350473197356,-0.0645186911540176,-0.2412139985004898,0.0,False,-0.0013980369470151192,0,1.0,0.0047173108261715935,0.5331708016871837,False,
20260901,1146763347,2022,031,Mercedes,B_STRATEGIC,0.011,0.0018417930403104021,-0.22003818336182757,0.26397827794080597,0.2950455071162709,0.3963828119590104,0.3094032171238438,-1.2075740546383749,-0.04914319038382689,0.03167989586291858,False,0.0,-0.400093458670876,-0.5633350473197356,-0.0645186911540176,-0.2412139985004898,0.0,False,0.01991965598515897,0,1.0,0.0018683986514231598,0.039791255818260596,False,
20260901,1146763347,2022,032,Salto,B_STRATEGIC,0.008,0.0013377996300605322,0.048846727412403534,-0.2458800473631967,-0.8398421973098985,-0.1153458246371521,0.010659152652398633,0.12603461721841291,0.026731836800608155,-0.3769425941234924,False,0.0,-0.400093458670876,-0.5633350473197356,-0.0645186911540176,-0.2412139985004898,0.0,False,-0.19768714681405627,0,1.0,0.0011603149205055056,0.935435287536042,False,
20260901,1146763347,2022,033,Trinidad,C_STANDARD,0.038,0.006436004347869617,-0.03364316339314319,-0.09832737058830815,0.7588917407034255,-0.28031428302125705,-0.5820935933683702,0.25582552381639123,-1.5279376117354473,-0.806721959274303,False,0.0,-0.400093458670876,-0.5633350473197356,-0.0645186911540176,-0.2412139985004898,0.0,False,-0.12297580684619469,0,1.0,0.005890643965881114,0.9154671843885521,False,
20260901,1146763347,2022,034,Paysandú,B_STRATEGIC,0.009,0.001505656136097322,0.8041852018684871,0.5146810516795408,-0.30022965473745583,0.21396970670106163,-0.326464490199103,-0.3446232567153734,-0.5969181479077826,-0.6008893064385349,False,0.0,-0.400093458670876,-0.5633350473197356,-0.0645186911540176,-0.2412139985004898,0.0,False,-0.019271585720263395,0,1.0,0.0014849086159842366,0.2142488494995981,False,
20260901,1146763347,2022,035,Fray Bentos,C_STANDARD,0.032,0.0054058673761743226,0.38037704431613656,0.14500376172005264,-0.41942194446573844,-1.1447431961737096,-0.3724671859259609,-0.056952268293745584,0.2709035430734986,-0.16546008038348256,False,0.0,-0.400093458670876,-0.5633350473197356,-0.0645186911540176,-0.2412139985004898,0.0,False,-0.17301078865145694,0,1.0,0.004772723694213664,0.9248486182510883,False,
20260901,1146763347,2022,036,Artigas,C_STANDARD,0.04,0.006780573220505293,0.6757494338739005,0.6402145743675318,-0.3065560158235837,-0.43393531663420426,0.4617398041542945,-0.6212545688896385,1.0716403425626773,0.8258818411586522,False,0.0,-0.400093458670876,-0.5633350473197356,-0.0645186911540176,-0.2412139985004898,0.0,False,0.21860720433353142,0,1.0,0.007936392534690079,0.7605388543086825,False,
20260901,1146763347,2022,037,Colón,D_VULNERABLE,0.08,0.013800818181815777,-0.11435167130749133,-0.5159515467266926,-0.20819526319258846,-0.4393559398483826,0.4269323492642615,-0.4120194694483312,0.19185930027484677,-0.20712653951435744,False,0.0,-0.400093458670876,-0.5633350473197356,-0.0645186911540176,-0.2412139985004898,0.0,False,-0.1685063415659862,0,1.0,0.012224025433175285,0.8256498173090236,False,
20260901,1146763347,2023,001,Treinta y Tres,A_CORE,6e-05,1.0000250009190026e-05,-0.09979434875557278,-0.3524102067158805,0.8064389582824247,-0.08896392701168776,0.4482937865691246,-0.6913322301882711,0.048048859032951086,0.5772588733853476,False,0.0,0.1153945759363804,-0.1918568505044615,-0.2430211402596077,0.3223435434429262,0.0,False,0.06634648660947631,0,1.0,1.0489550424505661e-05,0.274315131969177,False,
20260901,1146763347,2023,002,Vergara,D_VULNERABLE,0.075,0.012909537991917963,-0.35989013033122336,-0.1304527958194325,0.31857939182599776,0.05869049493445064,0.33148557271414647,-0.48381123161829,-0.28177236320904986,1.145861334368246,False,0.0,0.1153945759363804,-0.1918568505044615,-0.2430211402596077,0.3223435434429262,0.0,False,0.013986323474169293,0,1.0,0.0130401957811976,0.9913570867489921,False,
20260901,1146763347,2023,003,José Pedro Varela,C_STANDARD,0.028,0.00472206159867683,-0.01045386210676863,0.44671993300347257,0.761313891300655,-0.34849903390419723,0.06322308156071726,0.06089203893192632,0.48938484862128745,0.05735763383538696,False,0.0,0.1153945759363804,-0.1918568505044615,-0.2430211402596077,0.3223435434429262,0.0,False,0.18423040389523662,0,1.0,0.005391865206065153,0.6386995731054693,False,
20260901,1146763347,2023,004,La Charqueada,D_VULNERABLE,0.095,0.01649909655059567,-0.7691004451081431,0.7219321075549103,0.9762685542838219,-0.7818353764982199,0.211924711766959,-0.3276030872798867,-0.02684769763475816,-0.4113188365259881,False,0.0,0.1153945759363804,-0.1918568505044615,-0.2430211402596077,0.3223435434429262,0.0,False,-0.004915074762173781,0,1.0,0.016440811850939988,0.4416013941339091,False,
20260901,1146763347,2023,005,Melo,B_STRATEGIC,0.006,0.0010025092058050245,-0.09705946677516807,-0.0023786262869218144,-0.0628634519361965,-0.7178071735617328,-1.1453885230024294,-0.47344636781573884,-0.5593105015360438,-0.09413224026341871,False,0.0,0.1153945759363804,-0.1918568505044615,-0.2430211402596077,0.3223435434429262,0.0,False,-0.39416535045817785,0,1.0,0.000754807152641106,0.9986684646585954,False,
20260901,1146763347,2023,006,Cerro Chato,D_VULNERABLE,0.09,0.015595556519907738,-0.6124608662282129,0.28141170089474477,0.6280402808784111,-0.35751438003507097,-0.03313195653348702,0.3469943654083758,0.7458586176813811,-0.2709532936358834,False,0.0,0.1153945759363804,-0.1918568505044615,-0.2430211402596077,0.3223435434429262,0.0,False,0.06446300553917364,0,1.0,0.01633645966523699,0.8670683677888917,False,
20260901,1146763347,2023,007,Santa Clara de Olimar,D_VULNERABLE,0.12,0.021080201746559446,0.8313044459458553,-0.06180725161276604,0.20579283436103668,0.548308799042913,0.7356674419432303,1.2820610625210525,0.6992919794550011,0.2703833895520857,False,0.0,0.1153945759363804,-0.1918568505044615,-0.2430211402596077,0.3223435434429262,0.0,False,0.531590014785713,0,1.0,0.030909979866745624,0.8067693877382386,False,
20260901,1146763347,2023,008,Rocha,B_STRATEGIC,0.011,0.0018417930403104021,0.25567135874900326,0.36074044808612793,0.02514719163257778,-0.2839873622967343,-0.19208527156819644,0.4292009135845247,0.27551791227514943,0.3977790073009437,False,0.0,0.1153945759363804,-0.1918568505044615,-0.2430211402596077,0.3223435434429262,0.0,False,0.10732607400836924,0,1.0,0.001989760637504117,0.48196506637313064,False,
20260901,1146763347,2023,009,Chuy,D_VULNERABLE,0.085,0.014696144149711432,-0.37435627632867,-0.483658609766885,0.6074356530653131,-0.28242803279182005,-0.2927135236743882,0.2836549111225238,1.328017785222313,-0.1260054583721669,False,0.0,0.1153945759363804,-0.1918568505044615,-0.2430211402596077,0.3223435434429262,0.0,False,0.00875753775873762,0,1.0,0.014789102379251445,0.29495552243002376,False,
20260901,1146763347,2023,010,Río Branco,C_STANDARD,0.045,0.007644619866971847,-0.5522533901435047,-0.22211690970333658,-1.3742636924294258,-0.26186761175647083,-0.29724959326671996,0.6345351305379888,0.69849324590856,0.2536200297965962,True,0.9755133427993101,0.1153945759363804,-0.1918568505044615,-0.2430211402596077,0.3223435434429262,0.0,False,-0.13691963060380188,0,1.0,0.006926952633189919,0.11682988597218458,False,
20260901,1146763347,2023,011,Aceguá,D_VULNERABLE,0.1,0.01740680614731016,0.17841692397328368,0.20939850525756676,-0.2902228405478925,0.2889372864376979,1.2451731528766161,-0.28843078073711903,0.847938841594914,-1.1802700430943496,False,0.0,0.1153945759363804,-0.1918568505044615,-0.2430211402596077,0.3223435434429262,0.0,False,0.1671101933561044,0,1.0,0.01963238751746583,0.26103950624107475,False,
20260901,1146763347,2023,012,Minas,B_STRATEGIC,0.012,0.002010073962457337,0.15080027896487946,-0.6241156535621776,-0.12132607334684897,-0.6844711538992465,-0.694425173900815,0.9560235452965229,-1.5606308421666473,0.4191436059244886,False,0.0,0.1153945759363804,-0.1918568505044615,-0.2430211402596077,0.3223435434429262,0.0,False,-0.23192113285163296,0,1.0,0.0017009523549250674,0.8867232549631398,False,
20260901,1146763347,2023,013,Maldonado,B_STRATEGIC,0.006,0.0010025092058050245,0.9238810682055408,0.5907549043248037,-1.0860727153954777,0.7692497178841353,-0.09274618184902414,-1.4335514765878816,-0.5650161707955169,-0.8795038844929605,False,0.0,0.1153945759363804,-0.1918568505044615,-0.2430211402596077,0.3223435434429262,0.0,False,-0.1213827938990631,0,1.0,0.0009186137409693419,0.8287551249784161,False,
20260901,1146763347,2023,014,Piriápolis,D_VULNERABLE,0.11,0.01923490498096092,0.017992588780355617,0.2454285833001029,0.4665953330330035,0.09136012816154992,-0.18044750855600905,0.02495890834504777,0.820204028918496,0.357020530532687,False,0.0,0.1153945759363804,-0.1918568505044615,-0.2430211402596077,0.3223435434429262,0.0,False,0.1695769001168757,0,1.0,0.02173278531486654,0.7241487365060217,False,
20260901,1146763347,2023,015,Punta del Este,B_STRATEGIC,0.01,0.0016736538523104416,-0.4589363139815812,0.04962167446446669,-0.13249582607718957,0.4008386472014127,-0.03957582977074131,-0.028055026750952686,0.15244620323844676,-0.8860331109766105,False,0.0,0.1153945759363804,-0.1918568505044615,-0.2430211402596077,0.3223435434429262,0.0,False,-0.11974877865213783,0,1.0,0.0015353986455587424,0.42231603122179195,False,
20260901,1146763347,2023,016,La Paloma,D_VULNERABLE,0.095,0.01649909655059567,0.16417608431842917,0.7509692622186577,-0.1831576066964935,-0.20964960777720662,0.6151547593075428,0.5530130022011395,-0.7697664459150986,0.45440636173258453,False,0.0,0.1153945759363804,-0.1918568505044615,-0.2430211402596077,0.3223435434429262,0.0,False,0.1780271530690882,0,1.0,0.018755464971733877,0.4759245362483484,False,
20260901,1146763347,2023,017,Montevideo Centro,A_CORE,0.0015,0.00025015639338155093,0.1890498659539773,-0.8550395253477999,-0.10705744465220349,-0.004799662294785012,-1.2068847016174218,-0.7312903558380917,0.49948243699264894,-1.8079494496210087,False,0.0,0.1153945759363804,-0.1918568505044615,-0.2430211402596077,0.3223435434429262,0.0,False,-0.40222214048896404,0,1.0,0.00018725781452677944,0.12138232505611934,False,
20260901,1146763347,2023,018,Pando,C_STANDARD,0.05,0.008512444610847103,0.8753056383695414,-0.264396715104398,-0.2691970868706486,-0.23531643446418704,-0.4825810102778934,0.3908910371841045,0.3898927976323415,-0.36757508568096814,False,0.0,0.1153945759363804,-0.1918568505044615,-0.2430211402596077,0.3223435434429262,0.0,False,-0.024042344555529914,0,1.0,0.008366358102183103,0.09755598772399887,False,
20260901,1146763347,2023,019,WTC,B_STRATEGIC,0.009,0.001505656136097322,0.9134571399278151,-0.29472012479052545,0.24222784901015285,0.3467673201035644,-0.3420188515255895,-1.0752738928341223,1.254477542033078,0.20626937616634525,False,0.0,0.1153945759363804,-0.1918568505044615,-0.2430211402596077,0.3223435434429262,0.0,False,0.09774068420214362,0,1.0,0.0016154314402246274,0.8346146070695528,False,
20260901,1146763347,2023,020,Canelones,B_STRATEGIC,0.01,0.0016736538523104416,-0.709031839596151,0.3807991051462872,-0.7391036601593854,-0.7996682530037067,-0.5523957123523623,-0.2091816514165472,1.1799471803669688,-0.3280553329014601,False,0.0,0.1153945759363804,-0.1918568505044615,-0.2430211402596077,0.3223435434429262,0.0,False,-0.3354820817290282,0,1.0,0.0013145075030110487,0.048333572940377434,False,
20260901,1146763347,2023,021,Durazno,C_STANDARD,0.03,0.005063670756198957,0.06313074798227516,0.4154308809015548,0.3165017477248512,0.37275113116860215,-0.5294308179923787,1.1953969823303563,-0.43920786146123203,-1.4416710984617969,False,0.0,0.1153945759363804,-0.1918568505044615,-0.2430211402596077,0.3223435434429262,0.0,False,0.1007596406149425,0,1.0,0.005444677943424772,0.40557229114114424,False,
20260901,1146763347,2023,022,Rivera,B_STRATEGIC,0.012,0.002010073962457337,-0.005661832281100565,0.7361040393125834,-0.19793024743726792,0.22958376853739096,0.7065269419070479,-0.6499927283606501,-0.06369478033118087,-0.6568979106390878,False,0.0,0.1153945759363804,-0.1918568505044615,-0.2430211402596077,0.3223435434429262,0.0,False,0.04870656450733575,0,1.0,0.002081815282513441,0.5719359069951426,False,
20260901,1146763347,2023,023,Las Piedras,C_STANDARD,0.042,0.007125740823183402,-0.3461970706910902,1.083497443719338,-0.16901223803473617,0.21098400769557796,0.3926008685686746,-0.13288908599852794,-0.32832179250068005,0.9510894334052045,False,0.0,0.1153945759363804,-0.1918568505044615,-0.2430211402596077,0.3223435434429262,0.0,False,0.155297924852435,0,1.0,0.007968754458264728,0.46093950469066225,False,
20260901,1146763347,2023,024,Tacuarembó,B_STRATEGIC,0.013,0.0021784968818643335,0.04256257036013037,0.26233585646161517,-1.0905042653829922,0.05745264812994723,-0.1655057814799994,1.2510322633911075,1.4230522549161335,-0.2050849870864511,False,0.0,0.1153945759363804,-0.1918568505044615,-0.2430211402596077,0.3223435434429262,0.0,False,0.08048984489045065,0,1.0,0.00230847659333278,0.19539396349735716,False,
20260901,1146763347,2023,025,Prado,C_STANDARD,0.048,0.008164859015498682,-0.9388592869576777,-0.1845549351076523,0.22802695402350814,0.2704354989178686,0.3115369752056413,-0.7038443832609227,0.6268644080697505,-0.7872097895123904,False,0.0,0.1153945759363804,-0.1918568505044615,-0.2430211402596077,0.3223435434429262,0.0,False,-0.16243816826129495,0,1.0,0.007263661047106668,0.8819323659788222,False,
20260901,1146763347,2023,026,Carrasco,C_STANDARD,0.035,0.005920268673714868,1.2418655167399866,0.6182215704466,-0.5221754386210583,0.4326897811791112,-0.3801292568322503,-0.6031646717128555,0.6490058532554902,-0.5897852481718104,False,0.0,0.1153945759363804,-0.1918568505044615,-0.2430211402596077,0.3223435434429262,0.0,False,0.09291803428150691,0,1.0,0.006329889735311087,0.010500454466237374,False,
20260901,1146763347,2023,027,Colonia del Sacramento,B_STRATEGIC,0.01,0.0016736538523104416,0.5154839495088657,0.5827705661088983,-0.24010067807117125,-0.3842956604026303,-0.26561536707338984,1.2823264100759184,0.581095557579004,-0.4351874903349029,False,0.0,0.1153945759363804,-0.1918568505044615,-0.2430211402596077,0.3223435434429262,0.0,False,0.17773714756617895,0,1.0,0.0019021406657530448,0.28194508562962606,False,
20260901,1146763347,2023,028,Ciudad de la Costa,C_STANDARD,0.045,0.007644619866971847,-0.7492322322893514,0.4823604019841243,0.6505923928858333,-1.2661963762960458,0.6154729327866477,-0.8139856422164684,0.8888342786937468,-0.006283330131626075,False,0.0,0.1153945759363804,-0.1918568505044615,-0.2430211402596077,0.3223435434429262,0.0,False,-0.013246213762687548,0,1.0,0.007572057606464924,0.8087749732389999,False,
20260901,1146763347,2023,029,Florida,C_STANDARD,0.03,0.005063670756198957,0.07403387956788562,-0.7492673883245248,1.0691681174208456,0.36894148386213255,-0.7891211989469775,-0.09930339167059421,-1.1491336026634105,-0.7198855284668153,False,0.0,0.1153945759363804,-0.1918568505044615,-0.2430211402596077,0.3223435434429262,0.0,False,-0.15273948226640674,0,1.0,0.004536334190872499,0.030735256534074162,False,
20260901,1146763347,2023,030,San José de Mayo,C_STANDARD,0.028,0.00472206159867683,0.5169039787377785,-0.599002088917967,-0.5418227901304391,-0.44713397337982974,0.2789930139538177,1.1515082643474315,0.5226941417430299,0.062204409753932655,False,0.0,0.1153945759363804,-0.1918568505044615,-0.2430211402596077,0.3223435434429262,0.0,False,0.049807023045418466,0,1.0,0.004894472661803304,0.061366966462315986,False,
20260901,1146763347,2023,031,Mercedes,B_STRATEGIC,0.011,0.0018417930403104021,0.2933562449335341,0.6232083012053793,0.17509645489781522,0.5281884057353101,-0.24602797747373606,-1.7249480361989051,0.3419244640729628,-0.051910627253632116,False,0.0,0.1153945759363804,-0.1918568505044615,-0.2430211402596077,0.3223435434429262,0.0,False,0.06691550750071064,0,1.0,0.0019327014532862228,0.674459714456149,False,
20260901,1146763347,2023,032,Salto,B_STRATEGIC,0.008,0.0013377996300605322,-0.0747754603264534,-0.2706755490239001,-0.8049204998579741,-0.4110777642614733,-0.2116006555831287,0.9571092732124117,1.0849926260292069,-0.8505722541258436,False,0.0,0.1153945759363804,-0.1918568505044615,-0.2430211402596077,0.3223435434429262,0.0,False,-0.14920645988395959,0,1.0,0.0012015321644209876,0.6519924727293676,False,
20260901,1146763347,2023,033,Trinidad,C_STANDARD,0.038,0.006436004347869617,-0.3184196312996807,-0.6716403626909095,0.0739986909324159,-0.04047056160366569,-0.1336509170186772,0.04377010839697884,-0.8254419271913204,-0.8163660682227534,False,0.0,0.1153945759363804,-0.1918568505044615,-0.2430211402596077,0.3223435434429262,0.0,False,-0.2963476029276319,0,1.0,0.005199370864006103,0.19119023763103105,False,
20260901,1146763347,2023,034,Paysandú,B_STRATEGIC,0.009,0.001505656136097322,1.1614719736726395,0.39410306692360275,0.2907048632987542,0.08841776043185062,-0.8252096669969693,-0.9186430027370192,-1.0627211871933906,-0.19981761357146105,False,0.0,0.1153945759363804,-0.1918568505044615,-0.2430211402596077,0.3223435434429262,0.0,False,-0.0628827739211401,0,1.0,0.001439006833673978,0.12561382143954158,False,
20260901,1146763347,2023,035,Fray Bentos,C_STANDARD,0.032,0.0054058673761743226,0.5726297619092393,0.5525367784165685,-0.6138248827074024,-1.464791127418928,-0.8558376882967109,0.07958463939224178,0.5495465006718403,0.15254005284356492,False,0.0,0.1153945759363804,-0.1918568505044615,-0.2430211402596077,0.3223435434429262,0.0,False,-0.14958670358615458,0,1.0,0.004853899916200645,0.16396078120809066,False,
20260901,1146763347,2023,036,Artigas,C_STANDARD,0.04,0.006780573220505293,-0.09441264759569568,0.49802441062816954,-0.14358734671200046,-0.15672256328013268,0.8331361354248894,0.2014651811359518,0.7586440865334049,0.5205449117630844,False,0.0,0.1153945759363804,-0.1918568505044615,-0.2430211402596077,0.3223435434429262,0.0,False,0.23431876258410855,0,1.0,0.008026681286962734,0.03558720131849491,False,
20260901,1146763347,2023,037,Colón,D_VULNERABLE,0.08,0.013800818181815777,0.20004275212696448,-1.4164873976744896,0.5541102671639726,-0.9933572218837001,0.7635839671187409,-0.5483441613762694,-0.027836233420570455,0.01632769429545447,False,0.0,0.1153945759363804,-0.1918568505044615,-0.2430211402596077,0.3223435434429262,0.0,False,-0.11164748678538981,0,1.0,0.012734841832615078,0.2847475203928377,False,
20260901,1146763347,2024,001,Treinta y Tres,A_CORE,6e-05,1.0000250009190026e-05,0.126915618261703,-0.6776206807651082,0.23617252110226195,0.3603449324094423,0.01341771468986569,-0.5926000841569813,-0.06743903163291905,0.10099354658076387,False,0.0,-0.3643164951531205,0.5167727917110484,-0.1593160240954124,0.1123584148833117,0.4471919959592891,True,-0.04002000198947815,0,1.0,9.7162106551534e-06,0.19279104208735887,False,
20260901,1146763347,2024,002,Vergara,D_VULNERABLE,0.075,0.012909537991917963,0.11688885134117061,-0.06727252391521833,0.4663033794590238,0.6814734644201039,0.29438113646884345,-0.727166190683417,-0.4671736794490795,0.6101005496610478,False,0.0,-0.3643164951531205,0.5167727917110484,-0.1593160240954124,0.1123584148833117,0.4471919959592891,True,0.1512376935673569,0,1.0,0.014394663631420198,0.04571289018412206,False,
20260901,1146763347,2024,003,José Pedro Varela,C_STANDARD,0.028,0.00472206159867683,0.11586719352386804,0.8893326572645455,0.24597753349255386,-0.32792439571669707,-0.2768475075233628,-1.00227050701198,-0.556395267794907,0.4983118641512962,False,0.0,-0.3643164951531205,0.5167727917110484,-0.1593160240954124,0.1123584148833117,0.4471919959592891,True,-0.006961255540957251,0,1.0,0.0046984533478258775,0.08072590254928957,False,
20260901,1146763347,2024,004,La Charqueada,D_VULNERABLE,0.095,0.01649909655059567,-0.35448913743838595,0.42623492313358863,0.5418528017190202,-1.2431034084337154,0.8046136975113002,-0.2690308374755006,0.7618849644965666,-0.9837953971273375,False,0.0,-0.3643164951531205,0.5167727917110484,-0.1593160240954124,0.1123584148833117,0.4471919959592891,True,0.07895172567282649,0,1.0,0.017464161510174568,0.5375553844983616,False,
20260901,1146763347,2024,005,Melo,B_STRATEGIC,0.006,0.0010025092058050245,0.4597608358728278,-0.11150557960741589,-0.8702265044102877,-0.08452839694954267,-1.5563705825201968,0.3870378526363709,0.27477058915924046,0.0558561623915087,False,0.0,-0.3643164951531205,0.5167727917110484,-0.1593160240954124,0.1123584148833117,0.4471919959592891,True,-0.16254869106409686,0,1.0,0.0008917860810966077,0.08800807390749055,False,
20260901,1146763347,2024,006,Cerro Chato,D_VULNERABLE,0.09,0.015595556519907738,-0.4353237307348314,0.07077128943250455,0.41212308808642806,-0.5991828108941555,0.23507765293460772,-0.09294253573934003,1.3025734789008765,-0.15518385022118888,False,0.0,-0.3643164951531205,0.5167727917110484,-0.1593160240954124,0.1123584148833117,0.4471919959592891,True,0.08006371829297919,0,1.0,0.016520993613583144,0.37181051379089924,False,
20260901,1146763347,2024,007,Santa Clara de Olimar,D_VULNERABLE,0.12,0.021080201746559446,0.4737319583423384,-0.30421179830686773,0.19534772781555051,-0.009040460534517847,0.10819078006823418,0.33634945469073285,0.333741514394413,0.16604694544432794,False,0.0,-0.3643164951531205,0.5167727917110484,-0.1593160240954124,0.1123584148833117,0.4471919959592891,True,0.17535131662587167,0,1.0,0.02391694592279525,0.2748263283701552,False,
20260901,1146763347,2024,008,Rocha,B_STRATEGIC,0.011,0.0018417930403104021,0.08724754484837438,-0.17273255583075198,0.2007906086267881,0.35734889296997824,0.39504837028727796,0.7054833692486724,-0.32142259520088734,0.7734550989240764,False,0.0,-0.3643164951531205,0.5167727917110484,-0.1593160240954124,0.1123584148833117,0.4471919959592891,True,0.25810791096265084,0,1.0,0.0022179365273365167,0.0731911165892356,False,
20260901,1146763347,2024,009,Chuy,D_VULNERABLE,0.085,0.014696144149711432,-0.16450169476352217,-0.31362547913680433,0.8748125697410754,-0.6118740239467604,0.16812234314730534,0.01983809162955205,1.2996866013006443,-0.16275046214284142,False,0.0,-0.3643164951531205,0.5167727917110484,-0.1593160240954124,0.1123584148833117,0.4471919959592891,True,0.1467355081775872,0,1.0,0.01633376965283266,0.22992413166611392,False,
20260901,1146763347,2024,010,Río Branco,C_STANDARD,0.045,0.007644619866971847,-0.7345487385058718,0.09722183034613033,-1.426820544708994,-0.5474459890566603,-0.3702641346728072,1.1501644735738412,0.9606764059265143,0.28763716176230325,False,0.0,-0.3643164951531205,0.5167727917110484,-0.1593160240954124,0.1123584148833117,0.4471919959592891,True,-0.13295218552159765,0,1.0,0.006946768180865066,0.4543837148632458,False,
20260901,1146763347,2024,011,Aceguá,D_VULNERABLE,0.1,0.01740680614731016,0.2551723882810386,-0.1465349599338888,0.6013114612337033,-0.17392533478389285,0.5932503653335607,0.26736498114975665,0.6610725099369125,-0.5969703567384677,False,0.0,-0.3643164951531205,0.5167727917110484,-0.1593160240954124,0.1123584148833117,0.4471919959592891,True,0.2511258577155408,0,1.0,0.020856630456241813,0.3563834577078513,False,
20260901,1146763347,2024,012,Minas,B_STRATEGIC,0.012,0.002010073962457337,0.6231855962773569,-0.30215096453444346,-0.35057061082316426,-0.9461315566815853,-1.1610155437731429,0.6292193171754938,-1.4903071629313278,0.7571924079878123,False,0.0,-0.3643164951531205,0.5167727917110484,-0.1593160240954124,0.1123584148833117,0.4471919959592891,True,-0.20360254234753872,0,1.0,0.0017359897088628825,0.05721637534804502,False,
20260901,1146763347,2024,013,Maldonado,B_STRATEGIC,0.006,0.0010025092058050245,0.34205890840962366,-0.07066095586195442,-0.13757802947513142,0.6821436476344137,-0.3555489608053113,-0.9966019607099115,0.05603285226493504,-1.418231607844388,False,0.0,-0.3643164951531205,0.5167727917110484,-0.1593160240954124,0.1123584148833117,0.4471919959592891,True,-0.11871291881146216,0,1.0,0.0009203812997614092,0.28319978939906276,False,
20260901,1146763347,2024,014,Piriápolis,D_VULNERABLE,0.11,0.01923490498096092,-0.06401054613614295,0.4883224236094754,0.8302277531173957,0.6618532591697653,0.7306449277179414,-0.1037421306823064,0.7509491931978599,0.85915035846495,False,0.0,-0.3643164951531205,0.5167727917110484,-0.1593160240954124,0.1123584148833117,0.4471919959592891,True,0.5165325678066259,0,1.0,0.027900093640432038,0.5091787976911302,False,
20260901,1146763347,2024,015,Punta del Este,B_STRATEGIC,0.01,0.0016736538523104416,-0.343362052603234,-0.06326780346024766,-0.030585891567263775,0.07951909232794499,0.007347365309161337,-0.7249366768085553,0.4686633643382652,0.07948465990727183,False,0.0,-0.3643164951531205,0.5167727917110484,-0.1593160240954124,0.1123584148833117,0.4471919959592891,True,-0.07900865467488151,0,1.0,0.0015811033728039886,0.044313145244359475,False,
20260901,1146763347,2024,016,La Paloma,D_VULNERABLE,0.095,0.01649909655059567,-0.32206936876117864,0.543295891299051,-0.3111076251415701,0.14042688060099,0.8361296632240681,0.5620748181393308,-0.45630139826713195,0.1753167395045398,False,0.0,-0.3643164951531205,0.5167727917110484,-0.1593160240954124,0.1123584148833117,0.4471919959592891,True,0.18019419369722123,0,1.0,0.018784751388447454,0.8040064692466113,False,
20260901,1146763347,2024,017,Montevideo Centro,A_CORE,0.0015,0.00025015639338155093,0.2841801428172955,-0.5146447454110687,0.5938927811201458,-0.48436905919519413,-0.8583236188062764,-1.2814307272894339,0.7044894682976528,-1.147476111109193,False,0.0,-0.3643164951531205,0.5167727917110484,-0.1593160240954124,0.1123584148833117,0.4471919959592891,True,-0.2291313853378812,0,1.0,0.0002121114190894765,0.20542969566465585,False,
20260901,1146763347,2024,018,Pando,C_STANDARD,0.05,0.008512444610847103,0.33040580738796926,-0.15264812606702272,0.005302823725311101,0.13349815206733606,-0.3880339669233234,0.5493670466623071,0.023574351540954663,-0.37344777979734,False,0.0,-0.3643164951531205,0.5167727917110484,-0.1593160240954124,0.1123584148833117,0.4471919959592891,True,0.04841870310583821,0,1.0,0.008814434227723626,0.4169874532966307,False,
20260901,1146763347,2024,019,WTC,B_STRATEGIC,0.009,0.001505656136097322,0.2677432418908305,-0.22059338371307735,0.16501938319337245,0.43022669353379156,0.028233498544489644,-0.2741261224011155,1.1292367339903815,0.6423346607018272,False,0.0,-0.3643164951531205,0.5167727917110484,-0.1593160240954124,0.1123584148833117,0.4471919959592891,True,0.21544492325982195,0,1.0,0.0017583029637941578,0.8907651633861645,False,
20260901,1146763347,2024,020,Canelones,B_STRATEGIC,0.01,0.0016736538523104416,-0.15972261236596813,0.15382846642422943,-0.28174484568232183,-0.3946483676869663,0.028191746205918078,-0.6438475034467912,1.0781085818726535,-0.44260955002279767,False,0.0,-0.3643164951531205,0.5167727917110484,-0.1593160240954124,0.1123584148833117,0.4471919959592891,True,-0.09559999761124267,0,1.0,0.0015623282453624825,0.9680511947680024,False,
20260901,1146763347,2024,021,Durazno,C_STANDARD,0.03,0.005063670756198957,1.0175760879030418,0.11694525511583068,0.11950412141384668,-0.3743651170786993,-0.12816678409967516,0.6400320014877944,-0.625957197541362,-1.2983082514483348,False,0.0,-0.3643164951531205,0.5167727917110484,-0.1593160240954124,0.1123584148833117,0.4471919959592891,True,0.10174663952005955,0,1.0,0.0054485485201952845,0.7610349548879427,False,
20260901,1146763347,2024,022,Rivera,B_STRATEGIC,0.012,0.002010073962457337,0.027804510418726728,0.012355713302371285,0.7664981618829452,0.6877566494662101,0.11338493143646605,0.42672135523285243,-0.30852177429912764,0.18576680646903965,False,0.0,-0.3643164951531205,0.5167727917110484,-0.1593160240954124,0.1123584148833117,0.4471919959592891,True,0.2951159560007035,0,1.0,0.0024859503149734143,0.319207154902029,False,
20260901,1146763347,2024,023,Las Piedras,C_STANDARD,0.042,0.007125740823183402,-0.7475844113904926,0.8007734895915537,-0.0980691860438796,0.04248330367394485,0.23812600360492045,0.012900834730617552,0.26520394473517656,1.2583793286028444,False,0.0,-0.3643164951531205,0.5167727917110484,-0.1593160240954124,0.1123584148833117,0.4471919959592891,True,0.1548104882042848,0,1.0,0.007965958279625599,0.23155182007612007,False,
20260901,1146763347,2024,024,Tacuarembó,B_STRATEGIC,0.013,0.0021784968818643335,-0.4687603320899424,0.14065909578319252,-0.8650869564876614,0.15530296646066824,-0.15510078108776254,0.9169373019121045,0.9204072294234842,0.0748057787384902,False,0.0,-0.3643164951531205,0.5167727917110484,-0.1593160240954124,0.1123584148833117,0.4471919959592891,True,0.006429896167596427,0,1.0,0.002188605669554814,0.09128785984637455,False,
20260901,1146763347,2024,025,Prado,C_STANDARD,0.048,0.008164859015498682,-0.23551533103434313,-0.3046379592552766,-0.07701741647012414,0.41277017928147525,0.09086843108503842,0.08269458514155176,0.9212046835616741,-0.7215118548874688,False,0.0,-0.3643164951531205,0.5167727917110484,-0.1593160240954124,0.1123584148833117,0.4471919959592891,True,0.025050763752720688,0,1.0,0.008313461007655058,0.5403146095807132,False,
20260901,1146763347,2024,026,Carrasco,C_STANDARD,0.035,0.005920268673714868,0.9723398343220914,0.5733489965620676,-0.8148487132606583,0.1147326676710671,0.05624915325073046,0.21715541046949782,0.8306811986064067,-0.514413144937729,False,0.0,-0.3643164951531205,0.5167727917110484,-0.1593160240954124,0.1123584148833117,0.4471919959592891,True,0.18614882878724198,0,1.0,0.006769376523505524,0.6055271838266474,False,
20260901,1146763347,2024,027,Colonia del Sacramento,B_STRATEGIC,0.01,0.0016736538523104416,-0.31373470361500505,1.0338513642469922,0.07253259995965389,-0.7144261542858619,-0.1548809248861254,1.1802438555221584,0.12677474534752292,0.09265586319803737,False,0.0,-0.3643164951531205,0.5167727917110484,-0.1593160240954124,0.1123584148833117,0.4471919959592891,True,0.1791471601797724,0,1.0,0.001904072716783692,0.7310417198842578,False,
20260901,1146763347,2024,028,Ciudad de la Costa,C_STANDARD,0.045,0.007644619866971847,-0.47220361979425346,0.17905082901568936,0.7610596573085977,-1.1215896612136795,-0.025772205287182326,-0.6972656511242854,1.145479348750239,-0.3903474552306798,False,0.0,-0.3643164951531205,0.5167727917110484,-0.1593160240954124,0.1123584148833117,0.4471919959592891,True,-0.03976321079139805,0,1.0,0.007428861399291656,0.036022534333693734,False,
20260901,1146763347,2024,029,Florida,C_STANDARD,0.03,0.005063670756198957,0.47046775494315296,-0.9751790087471736,0.7898747011989914,-0.338686344043314,-0.6258249540315539,-0.46953218628942867,-1.008267464586983,-0.3417526420964204,False,0.0,-0.3643164951531205,0.5167727917110484,-0.1593160240954124,0.1123584148833117,0.4471919959592891,True,-0.20661509320351257,0,1.0,0.0043637369944567635,0.37005998826597497,False,
20260901,1146763347,2024,030,San José de Mayo,C_STANDARD,0.028,0.00472206159867683,0.20928056863426525,-0.34401771963920896,0.5129506895532905,-0.21447416704164055,-0.27095083705373924,1.0958174913123204,0.4547561180995148,-0.24891160915820743,False,0.0,-0.3643164951531205,0.5167727917110484,-0.1593160240954124,0.1123584148833117,0.4471919959592891,True,0.17435022919821913,0,1.0,0.00535364506053153,0.8018264457796529,False,
20260901,1146763347,2024,031,Mercedes,B_STRATEGIC,0.011,0.0018417930403104021,-0.16238870209208311,0.06546527805676011,-0.2926538465409281,-0.232418258794708,0.09979524369377779,-1.9769994834973752,0.1999233431200557,-0.07235911074261711,False,0.0,-0.3643164951531205,0.5167727917110484,-0.1593160240954124,0.1123584148833117,0.4471919959592891,True,-0.167092737834299,0,1.0,0.0016330228463614608,0.3080321946925899,False,
20260901,1146763347,2024,032,Salto,B_STRATEGIC,0.008,0.0013377996300605322,-1.0417892026684554,0.005190461408159791,-0.2729932745773867,-0.1680200727462867,-0.5290919642335898,0.40240371288218674,0.45873011943621195,-0.5559698355446898,False,0.0,-0.3643164951531205,0.5167727917110484,-0.1593160240954124,0.1123584148833117,0.4471919959592891,True,-0.2292956715657733,0,1.0,0.0011342065296634921,0.2775486373173336,False,
20260901,1146763347,2024,033,Trinidad,C_STANDARD,0.038,0.006436004347869617,0.188980886455717,-0.8580173734539563,0.3115026348836901,-0.18139929714931213,-0.460714843959746,0.1025971410877812,0.007308493385420445,-0.1478744185090624,False,0.0,-0.3643164951531205,0.5167727917110484,-0.1593160240954124,0.1123584148833117,0.4471919959592891,True,-0.1073061092639135,0,1.0,0.005957479601696494,0.23016534749166362,False,
20260901,1146763347,2024,034,Paysandú,B_STRATEGIC,0.009,0.001505656136097322,0.9664880138344684,-0.059958408854921486,-0.27514143327608076,-0.8718023040988679,0.147013177137851,-0.5700211441466901,-0.26615400104741094,-0.2511331871843714,False,0.0,-0.3643164951531205,0.5167727917110484,-0.1593160240954124,0.1123584148833117,0.4471919959592891,True,-0.0801897419597388,0,1.0,0.0014211866047503191,0.5634378837160257,False,
20260901,1146763347,2024,035,Fray Bentos,C_STANDARD,0.032,0.0054058673761743226,0.6488252240821081,-0.2510398048879404,-0.3170199842370761,-1.2014015256627495,-1.08225269979446,0.14688488702785052,0.08769236401261121,0.6571735108603866,False,0.0,-0.3643164951531205,0.5167727917110484,-0.1593160240954124,0.1123584148833117,0.4471919959592891,True,-0.1712277078005185,0,1.0,0.004778854938675897,0.13382539178740882,False,
20260901,1146763347,2024,036,Artigas,C_STANDARD,0.04,0.006780573220505293,-0.31716757729996115,0.5369144585082066,-0.25601084532298995,0.7243772267237124,0.49781638527527494,0.8436773635237846,0.4922517608906315,0.6107967218553068,False,0.0,-0.3643164951531205,0.5167727917110484,-0.1593160240954124,0.1123584148833117,0.4471919959592891,True,0.3488897211805612,0,1.0,0.008716887563596822,0.4048073325179603,False,
20260901,1146763347,2024,037,Colón,D_VULNERABLE,0.08,0.013800818181815777,0.42169442992089373,-0.7138620565921856,0.9172902748851821,-1.14732022384237,0.5683782928799626,-0.20542108197270315,0.3381672490208979,-0.22879820751567453,False,0.0,-0.3643164951531205,0.5167727917110484,-0.1593160240954124,0.1123584148833117,0.4471919959592891,True,0.09074030005375555,0,1.0,0.014732573032893326,0.06761449398193331,False,
20260901,1146763347,2025,001,Treinta y Tres,A_CORE,6e-05,1.0000250009190026e-05,-0.5025459505685916,-0.11890154076210507,0.029932757004580812,0.10878904082149009,0.15491767743196128,-0.3972739819926755,-0.7372329144336047,0.08356340323412727,False,0.0,-0.4169034105131342,0.2067598905604805,-0.3942974681844736,-0.2167531213280713,0.7709641363485948,True,-0.129201891765812,0,1.0,9.111931709317328e-06,0.8016922200048169,False,
20260901,1146763347,2025,002,Vergara,D_VULNERABLE,0.075,0.012909537991917963,0.6312360441370243,-0.6883839883141172,0.3156145991321373,0.5084336257800613,0.27441088545077785,-0.7285956504374715,-0.06640684767308366,0.13529008884375576,False,0.0,-0.4169034105131342,0.2067598905604805,-0.3942974681844736,-0.2167531213280713,0.7709641363485948,True,0.09311346246242447,0,1.0,0.013804686146488911,0.37024171511285786,False,
20260901,1146763347,2025,003,José Pedro Varela,C_STANDARD,0.028,0.00472206159867683,-0.25780677670855134,1.1140846461140503,0.9255747693650351,-0.7679328485834196,-0.43246011482664737,-0.8952337955018002,-0.5422284833487593,0.68599233586985,False,0.0,-0.4169034105131342,0.2067598905604805,-0.3942974681844736,-0.2167531213280713,0.7709641363485948,True,0.03708809915994587,0,1.0,0.0048498555209603375,0.4373003198209976,False,
20260901,1146763347,2025,004,La Charqueada,D_VULNERABLE,0.095,0.01649909655059567,-0.2616819906928503,-0.15768773120516277,0.6867080536200245,-0.7209548408033057,0.16243046646201958,-0.43488925767989667,0.7928799706388243,-0.4757691973644478,False,0.0,-0.4169034105131342,0.2067598905604805,-0.3942974681844736,-0.2167531213280713,0.7709641363485948,True,-0.006550995780892667,0,1.0,0.016421458224975125,0.9842972218191811,False,
20260901,1146763347,2025,005,Melo,B_STRATEGIC,0.006,0.0010025092058050245,-0.015409747511483274,-0.4351475834038988,-1.0988147729657678,-0.6498000632306229,-1.0905196832984,0.4717353473377466,0.6284833323339118,0.3689529419008515,False,0.0,-0.4169034105131342,0.2067598905604805,-0.3942974681844736,-0.2167531213280713,0.7709641363485948,True,-0.3062471331012007,0,1.0,0.0008041319769584604,0.07655613605605194,False,
20260901,1146763347,2025,006,Cerro Chato,D_VULNERABLE,0.09,0.015595556519907738,-0.5581974242862869,-0.23582516305132104,0.6248796018717196,-0.8075147673068945,0.07775508149863551,0.26879747240211543,1.0125704775778253,-0.7263687035901519,False,0.0,-0.4169034105131342,0.2067598905604805,-0.3942974681844736,-0.2167531213280713,0.7709641363485948,True,-0.011091204271358186,0,1.0,0.015471511547813314,0.17995976340787145,False,
20260901,1146763347,2025,007,Santa Clara de Olimar,D_VULNERABLE,0.12,0.021080201746559446,0.47134006622692637,-0.5773752924643768,0.04454130659191499,-0.06233100277198777,0.7056663716658782,0.26858939185010056,0.24734416952029598,0.36405762455299373,False,0.0,-0.4169034105131342,0.2067598905604805,-0.3942974681844736,-0.2167531213280713,0.7709641363485948,True,0.19556040491868049,0,1.0,0.024267494638932914,0.3937700712132297,False,
20260901,1146763347,2025,008,Rocha,B_STRATEGIC,0.011,0.0018417930403104021,-0.0670505240828546,0.8824644383587263,0.1454228080353873,0.7987462701771486,0.08427019191177179,1.040727179597203,-0.7982483366919031,0.15984085279921945,False,0.0,-0.4169034105131342,0.2067598905604805,-0.3942974681844736,-0.2167531213280713,0.7709641363485948,True,0.3411630397335306,0,1.0,0.002354614368992158,0.6587467832562796,False,
20260901,1146763347,2025,009,Chuy,D_VULNERABLE,0.085,0.014696144149711432,0.7276363382906266,-0.5477767620641338,0.5859153011711932,-0.007677872664599628,-0.5208729619437714,0.4341093897639794,0.7447703166031406,-0.2009132122632169,False,0.0,-0.4169034105131342,0.2067598905604805,-0.3942974681844736,-0.2167531213280713,0.7709641363485948,True,0.17286822757334425,0,1.0,0.016644008145054703,0.24178457519723506,False,
20260901,1146763347,2025,010,Río Branco,C_STANDARD,0.045,0.007644619866971847,-0.324019308269408,0.8312556413383795,-2.0120977124222654,-0.8216950502478882,-0.6196131800752422,1.0977187431986315,1.2696403731610881,-0.4468401949410974,False,0.0,-0.4169034105131342,0.2067598905604805,-0.3942974681844736,-0.2167531213280713,0.7709641363485948,True,-0.06950644001378475,0,1.0,0.007271462774440513,0.6555685657223966,False,
20260901,1146763347,2025,011,Aceguá,D_VULNERABLE,0.1,0.01740680614731016,0.15397957005676138,0.10444152602336576,0.3742105646339099,0.062233155238561516,0.22475351705135602,0.4110524004950337,0.3884911567805376,0.12210508555375293,False,0.0,-0.4169034105131342,0.2067598905604805,-0.3942974681844736,-0.2167531213280713,0.7709641363485948,True,0.2537158720059309,0,1.0,0.02089556040251272,0.8857338103009725,False,
20260901,1146763347,2025,012,Minas,B_STRATEGIC,0.012,0.002010073962457337,0.334620870799643,0.3730318830565097,-0.24211116136445968,-0.25470854703565293,-0.6466030379446532,0.18670288971879437,-1.4189227896978331,0.7475837474342479,False,0.0,-0.4169034105131342,0.2067598905604805,-0.3942974681844736,-0.2167531213280713,0.7709641363485948,True,-0.04931419134398377,0,1.0,0.0019399560164180597,0.9964358466181483,False,
20260901,1146763347,2025,013,Maldonado,B_STRATEGIC,0.006,0.0010025092058050245,-0.036447800320116824,0.8165133593022738,-0.3488411349056322,0.009209781269447992,-0.39622203631982655,-0.41831173846480807,-0.46618793925116286,-0.7498191945751292,False,0.0,-0.4169034105131342,0.2067598905604805,-0.3942974681844736,-0.2167531213280713,0.7709641363485948,True,-0.1265188276619857,0,1.0,0.0009152230317044271,0.9691608716120527,False,
20260901,1146763347,2025,014,Piriápolis,D_VULNERABLE,0.11,0.01923490498096092,-0.2246699626521481,0.1686237540715252,0.09721731650935594,0.6391805699912839,0.021655832528587327,0.03581915513434064,0.4337703087818635,0.2811027490755866,False,0.0,-0.4169034105131342,0.2067598905604805,-0.3942974681844736,-0.2167531213280713,0.7709641363485948,True,0.16730831810042526,0,1.0,0.021697316413560905,0.716900060224139,False,
20260901,1146763347,2025,015,Punta del Este,B_STRATEGIC,0.01,0.0016736538523104416,-0.3946310881448853,0.39556911123915106,-0.2633775093619422,-0.34293955822878713,1.0382878732156253,-0.8454130409527879,0.04867865927336901,-0.09798009890927284,False,0.0,-0.4169034105131342,0.2067598905604805,-0.3942974681844736,-0.2167531213280713,0.7709641363485948,True,-0.016165225251566363,0,1.0,0.0016542871810221787,0.8527682535670724,False,
20260901,1146763347,2025,016,La Paloma,D_VULNERABLE,0.095,0.01649909655059567,-0.0691362026827548,1.1520708780323978,0.2573825227494706,0.18844297398923596,0.46948177248056533,0.12771947265100153,0.03523571778998727,0.34520305607795,False,0.0,-0.4169034105131342,0.2067598905604805,-0.3942974681844736,-0.2167531213280713,0.7709641363485948,True,0.3522667362965415,0,1.0,0.021262345152359828,0.5590794136777606,False,
20260901,1146763347,2025,017,Montevideo Centro,A_CORE,0.0015,0.00025015639338155093,0.9102716940784402,-0.17640787804442512,0.1606930548613609,-0.0361778348507415,-0.7940202667001157,-0.869534048167264,1.1588924802898648,-0.2798037267984085,False,0.0,-0.4169034105131342,0.2067598905604805,-0.3942974681844736,-0.2167531213280713,0.7709641363485948,True,0.00674552618154068,0,1.0,0.0002513743028266802,0.034419906868463745,False,
20260901,1146763347,2025,018,Pando,C_STANDARD,0.05,0.008512444610847103,0.7206623358846885,-0.43835364898519563,-0.025716268324538268,-0.5724311315100203,-0.7074694847247561,0.41735297673199484,0.8560729385435135,-0.5019049515993568,False,0.0,-0.4169034105131342,0.2067598905604805,-0.3942974681844736,-0.2167531213280713,0.7709641363485948,True,-0.026771854811505756,0,1.0,0.008349932284490921,0.24672164930659868,False,
20260901,1146763347,2025,019,WTC,B_STRATEGIC,0.009,0.001505656136097322,0.5059558602317423,-0.16860042628107097,0.001803745876591295,0.23843951047030879,0.06362451397139467,-0.6094566734466964,1.3361578169758146,-0.13363986857631588,False,0.0,-0.4169034105131342,0.2067598905604805,-0.3942974681844736,-0.2167531213280713,0.7709641363485948,True,0.1374027923401379,0,1.0,0.0016622278559961332,0.6086437444166434,False,
20260901,1146763347,2025,020,Canelones,B_STRATEGIC,0.01,0.0016736538523104416,-0.11187479916488043,-0.06271202102226112,1.2314823737613558,-0.04439079109487537,-0.6355693514398775,-0.6586761644019861,1.0728973591978652,0.3997120486864329,False,0.0,-0.4169034105131342,0.2067598905604805,-0.3942974681844736,-0.2167531213280713,0.7709641363485948,True,0.14014667957929666,0,1.0,0.0018513494047891136,0.43477633538433935,False,
20260901,1146763347,2025,021,Durazno,C_STANDARD,0.03,0.005063670756198957,0.2191118994418551,0.4815173358703636,-0.5863708697835643,-0.23317495466030336,-0.7375716357191082,0.8543932193627911,-0.7042813576304079,-1.1155735167599836,False,0.0,-0.4169034105131342,0.2067598905604805,-0.3942974681844736,-0.2167531213280713,0.7709641363485948,True,-0.13958851403963687,0,1.0,0.004579491364034554,0.27970851493221893,False,
20260901,1146763347,2025,022,Rivera,B_STRATEGIC,0.012,0.002010073962457337,-0.09401491014492247,-0.5447068559538936,0.9984778691269354,0.07039025323264486,-0.15972535260182177,0.2945630094788935,-0.42897780867641294,0.72305162552493,False,0.0,-0.4169034105131342,0.2067598905604805,-0.3942974681844736,-0.2167531213280713,0.7709641363485948,True,0.1377584032134792,0,1.0,0.002219667853056106,0.8585552092210308,False,
20260901,1146763347,2025,023,Las Piedras,C_STANDARD,0.042,0.007125740823183402,-0.5057007563085657,1.5007329997179792,-0.1913248993529067,-0.19074523917120992,0.23330059238791534,0.2419800123700889,0.6827871373892929,0.8324133641653875,False,0.0,-0.4169034105131342,0.2067598905604805,-0.3942974681844736,-0.2167531213280713,0.7709641363485948,True,0.27800482583845165,0,1.0,0.008704822396454872,0.14218298177820066,False,
20260901,1146763347,2025,024,Tacuarembó,B_STRATEGIC,0.013,0.0021784968818643335,-0.5361809626388307,0.9068702220096063,-0.39185356672470795,-0.42280541715483966,-0.11711368950062537,0.6692526912530609,0.4167293231799585,0.38865056944693016,False,0.0,-0.4169034105131342,0.2067598905604805,-0.3942974681844736,-0.2167531213280713,0.7709641363485948,True,0.0747174696141347,0,1.0,0.002298902220076078,0.4188311883213366,False,
20260901,1146763347,2025,025,Prado,C_STANDARD,0.048,0.008164859015498682,0.45752182731398283,0.3802260546565063,-0.2766780532269333,0.4965297807938491,-0.4015236624688099,0.2167530350103538,1.009316349123735,-0.7974652761467029,False,0.0,-0.4169034105131342,0.2067598905604805,-0.3942974681844736,-0.2167531213280713,0.7709641363485948,True,0.14736016391568232,0,1.0,0.009078770512752611,0.5837683954924208,False,
20260901,1146763347,2025,026,Carrasco,C_STANDARD,0.035,0.005920268673714868,0.6276559624693131,0.816345037077583,-0.45056271502682455,-0.19381289673771504,0.0727115526768958,-0.1445070562200563,-0.14122722136960053,-0.5499540687391501,False,0.0,-0.4169034105131342,0.2067598905604805,-0.3942974681844736,-0.2167531213280713,0.7709641363485948,True,0.07460179812143189,0,1.0,0.006246961131758841,0.20014915697299418,False,
20260901,1146763347,2025,027,Colonia del Sacramento,B_STRATEGIC,0.01,0.0016736538523104416,-0.2534583725323259,0.5997222623479233,1.0269493311605373,-0.27632432812715757,-0.6670794625310164,0.708914433719423,-0.07114012367382036,0.6528045219121077,False,0.0,-0.4169034105131342,0.2067598905604805,-0.3942974681844736,-0.2167531213280713,0.7709641363485948,True,0.2346251311669533,0,1.0,0.0019816686976067356,0.5438248674606359,False,
20260901,1146763347,2025,028,Ciudad de la Costa,C_STANDARD,0.045,0.007644619866971847,-0.12057686528298031,-0.37998480660560935,0.743432209485183,-0.6096204870975243,0.8175741255038533,0.03168066738896125,1.0512171869262399,-0.3881385668112373,False,0.0,-0.4169034105131342,0.2067598905604805,-0.3942974681844736,-0.2167531213280713,0.7709641363485948,True,0.18755747272255202,0,1.0,0.008749910707097954,0.47873619171618276,False,
20260901,1146763347,2025,029,Florida,C_STANDARD,0.03,0.005063670756198957,0.544451322990726,-0.6560908346889146,0.017388598527040555,0.4139344843587037,-0.34935720557172983,-0.5341643620351839,-1.4432912776948061,-0.6202170583456943,False,0.0,-0.4169034105131342,0.2067598905604805,-0.3942974681844736,-0.2167531213280713,0.7709641363485948,True,-0.17522793280993773,0,1.0,0.00446347474969209,0.10967185590749218,False,
20260901,1146763347,2025,030,San José de Mayo,C_STANDARD,0.028,0.00472206159867683,-0.38794480333171055,0.34163490190217083,-0.17258916685370723,-0.752332067127771,0.05723705706499882,1.1941290788675636,0.8056609511104238,-0.6866159506099265,False,0.0,-0.4169034105131342,0.2067598905604805,-0.3942974681844736,-0.2167531213280713,0.7709641363485948,True,0.06053535100552129,0,1.0,0.004932425901715959,0.6856464362777102,False,
20260901,1146763347,2025,031,Mercedes,B_STRATEGIC,0.011,0.0018417930403104021,-0.5227052884251886,-0.37970673559613094,-0.6180100919015653,0.03238303410444546,0.44506535507565725,-1.5099162487210238,0.06588358840025171,-0.1422673276199936,False,0.0,-0.4169034105131342,0.2067598905604805,-0.3942974681844736,-0.2167531213280713,0.7709641363485948,True,-0.2684213262885599,0,1.0,0.0015181253034011449,0.4479172961186676,False,
20260901,1146763347,2025,032,Salto,B_STRATEGIC,0.008,0.0013377996300605322,-0.4391080085701523,-0.5168171885632132,0.12193410668221122,-0.22967599726952503,-0.11456107661290571,-0.08868946623485918,0.12686973217621964,-0.5289222102289669,False,0.0,-0.4169034105131342,0.2067598905604805,-0.3942974681844736,-0.2167531213280713,0.7709641363485948,True,-0.17750741871334863,0,1.0,0.0011772966736592495,0.9998620784023062,False,
20260901,1146763347,2025,033,Trinidad,C_STANDARD,0.038,0.006436004347869617,-0.08863626190982965,-1.176679347383011,-0.20240244162015936,-0.4781537230965199,-0.12237160452195253,0.07092858595968077,0.03311896935768907,0.4026913041198107,False,0.0,-0.4169034105131342,0.2067598905604805,-0.3942974681844736,-0.2167531213280713,0.7709641363485948,True,-0.20184131857017304,0,1.0,0.005565473994498829,0.14393000698999991,False,
20260901,1146763347,2025,034,Paysandú,B_STRATEGIC,0.009,0.001505656136097322,1.6756977141655676,0.01910982140020697,-0.8490403544396977,-0.41570237272049193,-0.0514668176718312,-0.41474260676214403,-0.07080687597387993,0.8736789527711696,False,0.0,-0.4169034105131342,0.2067598905604805,-0.3942974681844736,-0.2167531213280713,0.7709641363485948,True,0.0800601123829362,0,1.0,0.0015949973183301284,0.9910485845751527,False,
20260901,1146763347,2025,035,Fray Bentos,C_STANDARD,0.032,0.0054058673761743226,0.5214982399901888,0.8160755888923606,-0.3407549441731483,-1.5172923244884005,-0.7610952680801949,-0.05632860051761823,0.08974575079515167,1.0916453752450965,False,0.0,-0.4169034105131342,0.2067598905604805,-0.3942974681844736,-0.2167531213280713,0.7709641363485948,True,-0.0005345239199106774,0,1.0,0.005403787289365503,0.14093995552965743,False,
20260901,1146763347,2025,036,Artigas,C_STANDARD,0.04,0.006780573220505293,-0.3486346517495944,0.45149843284967334,-0.13378187905532815,-0.14409892670782365,-0.06962437819106143,0.5191725031350751,0.27893559020766745,1.0825726329462921,False,0.0,-0.4169034105131342,0.2067598905604805,-0.3942974681844736,-0.2167531213280713,0.7709641363485948,True,0.14307915145201439,0,1.0,0.0075163348578107655,0.6199799689918223,False,
20260901,1146763347,2025,037,Colón,D_VULNERABLE,0.08,0.013800818181815777,0.7163551946291112,-0.30848202809131153,0.9539874797879888,-0.5369183156396513,-0.5693023628636533,-0.039300463453530915,0.3980388311286064,0.27786511844148776,False,0.0,-0.4169034105131342,0.2067598905604805,-0.3942974681844736,-0.2167531213280713,0.7709641363485948,True,0.1454431077754442,0,1.0,0.015324408998466089,0.7747785582519138,False,
20260901,1146763347,2026,001,Treinta y Tres,A_CORE,6e-05,1.0000250009190026e-05,-0.8568457751884802,0.11804698052556427,0.06935122917097823,0.07290326760630839,-0.7396168301372728,0.24403798698120185,-0.567844597470041,0.08106777803484046,False,0.0,-0.1882025658927391,0.0792983631701786,-0.0694602548721876,0.3040605505294182,0.0,False,-0.2198190028380996,0,1.0,8.536408863343771e-06,0.5103021364232376,False,
20260901,1146763347,2026,002,Vergara,D_VULNERABLE,0.075,0.012909537991917963,0.691608267080739,-0.18861629261239127,0.5059931699372775,-0.10493875411995957,0.11851116490288402,-0.7878688627620362,0.31981516187402814,0.3556403063573668,False,0.0,-0.1882025658927391,0.0792983631701786,-0.0694602548721876,0.3040605505294182,0.0,False,0.11752756760302555,0,1.0,0.014049492386524538,0.6999720257789734,False,
20260901,1146763347,2026,003,José Pedro Varela,C_STANDARD,0.028,0.00472206159867683,0.05744669774780348,1.3637556293099196,1.9663805604167783,0.21924618849154498,0.070386402530903,0.03965031905069538,0.37045311159115485,0.3486715857859114,False,0.0,-0.1882025658927391,0.0792983631701786,-0.0694602548721876,0.3040605505294182,0.0,False,0.6225502637662034,0,1.0,0.0073926160689640925,0.007888960230727493,False,
20260901,1146763347,2026,004,La Charqueada,D_VULNERABLE,0.095,0.01649909655059567,-0.09030133378397207,0.13312462617538762,0.8161523905151299,-0.8675358274624979,0.9266259107332557,-0.8754112348629141,0.16806914096501463,-0.26839602557745434,False,0.0,-0.1882025658927391,0.0792983631701786,-0.0694602548721876,0.3040605505294182,0.0,False,0.06139017711503007,0,1.0,0.017244729359647562,0.25977494965151593,False,
20260901,1146763347,2026,005,Melo,B_STRATEGIC,0.006,0.0010025092058050245,0.2637021015056841,-0.27667033405334956,-0.36981993614326564,-0.44203810554494893,-0.9804986044255588,0.24338479558951978,1.253656562630586,0.15776138361371023,False,0.0,-0.1882025658927391,0.0792983631701786,-0.0694602548721876,0.3040605505294182,0.0,False,-0.12857131216826895,0,1.0,0.000913871524185249,0.0858437125703807,False,
20260901,1146763347,2026,006,Cerro Chato,D_VULNERABLE,0.09,0.015595556519907738,-1.166426763307539,-0.49703038502982577,0.2879048582189871,-0.669483961869381,0.8048386465153983,0.36821095252941105,1.1751216282936146,-0.3978584756975967,False,0.0,-0.1882025658927391,0.0792983631701786,-0.0694602548721876,0.3040605505294182,0.0,False,-0.02685378067299582,0,1.0,0.015296917127016356,0.5306523670726984,False,
20260901,1146763347,2026,007,Santa Clara de Olimar,D_VULNERABLE,0.12,0.021080201746559446,0.16737154657812828,-0.025842939205117155,-0.5666603524862347,-0.43244080576953897,1.2518410680919252,-0.16699201130338764,0.5232731578655899,0.5237278279429983,False,0.0,-0.1882025658927391,0.0792983631701786,-0.0694602548721876,0.3040605505294182,0.0,False,0.11257645783841883,0,1.0,0.022860015668803933,0.4423406798422149,False,
20260901,1146763347,2026,008,Rocha,B_STRATEGIC,0.011,0.0018417930403104021,0.044359325728990595,0.8675185843411687,-0.2616251750206466,0.7510366959941553,1.053996898117869,1.1821272720358105,-0.5381134271469791,-0.3569431054563351,False,0.0,-0.1882025658927391,0.0792983631701786,-0.0694602548721876,0.3040605505294182,0.0,False,0.398728314753958,0,1.0,0.0024542567408202647,0.6983311211282538,False,
20260901,1146763347,2026,009,Chuy,D_VULNERABLE,0.085,0.014696144149711432,-0.06956109799208232,-0.5730953620245111,0.05523992778433362,0.14046913571295477,-0.39051578052849645,-0.6154357089419517,0.3530737750047951,-0.30932564158901843,False,0.0,-0.1882025658927391,0.0792983631701786,-0.0694602548721876,0.3040605505294182,0.0,False,-0.19720300192372772,0,1.0,0.012750863505739713,0.9511861991680928,False,
20260901,1146763347,2026,010,Río Branco,C_STANDARD,0.045,0.007644619866971847,0.3141070640601997,0.7003051847111482,-1.8955255699911964,-0.6190146786568792,0.1125198297131616,1.3373973959378955,0.6819937556843099,-0.3149101766292823,False,0.0,-0.1882025658927391,0.0792983631701786,-0.0694602548721876,0.3040605505294182,0.0,False,0.10381244860276317,0,1.0,0.008237913353453617,0.8916786550475261,False,
20260901,1146763347,2026,011,Aceguá,D_VULNERABLE,0.1,0.01740680614731016,-0.03540578783833637,-0.12177910200234608,0.6340170698112604,-1.0106226741874835,0.08691240788649902,0.2971694314269453,0.18848426496347723,-0.6831582254473496,False,0.0,-0.1882025658927391,0.0792983631701786,-0.0694602548721876,0.3040605505294182,0.0,False,-0.025568207705411405,0,1.0,0.017089293872095165,0.6106632646654763,False,
20260901,1146763347,2026,012,Minas,B_STRATEGIC,0.012,0.002010073962457337,-0.1334063397075222,0.5802972606508974,0.1763846236601346,-0.7730962990114226,-0.43586735808314314,0.6798738031971169,-1.5932359507339904,0.17595737593705757,False,0.0,-0.1882025658927391,0.0792983631701786,-0.0694602548721876,0.3040605505294182,0.0,False,-0.05997976082459269,0,1.0,0.0019251157404525478,0.4202740205655371,False,
20260901,1146763347,2026,013,Maldonado,B_STRATEGIC,0.006,0.0010025092058050245,0.22158656123452308,1.1712485409969495,-0.18625515319468003,-0.6744606146540383,-0.2848241626270315,-0.5253680578638092,0.20699257942401417,0.1265435370028425,False,0.0,-0.1882025658927391,0.0792983631701786,-0.0694602548721876,0.3040605505294182,0.0,False,-0.0026822327576392895,0,1.0,0.0010005750206798713,0.13807367384311997,False,
20260901,1146763347,2026,014,Piriápolis,D_VULNERABLE,0.11,0.01923490498096092,0.3243676207072857,-0.7042612948842851,-0.3064113365222355,0.8142609424718975,-0.7847377130138717,0.06065015972567217,0.4150197537735369,0.720333152480229,False,0.0,-0.1882025658927391,0.0792983631701786,-0.0694602548721876,0.3040605505294182,0.0,False,-0.038073814586579297,0,1.0,0.018714777450592076,0.05875771638550853,False,
20260901,1146763347,2026,015,Punta del Este,B_STRATEGIC,0.01,0.0016736538523104416,-0.1599269526452503,0.1638770081994605,0.4726822014711746,-0.6810110125586943,1.0507950777350439,-0.9453321419263577,-0.0007512279639985547,0.1734595580973745,False,0.0,-0.1882025658927391,0.0792983631701786,-0.0694602548721876,0.3040605505294182,0.0,False,0.04690384096576452,0,1.0,0.001731139630168162,0.24158460965055772,False,
20260901,1146763347,2026,016,La Paloma,D_VULNERABLE,0.095,0.01649909655059567,-0.1700027101122076,0.5352123549385615,-0.10219245342527677,0.34147711343252096,-0.04260679797746936,-0.21373997040893317,-0.27721629372797346,0.03386490527222466,False,0.0,-0.1882025658927391,0.0792983631701786,-0.0694602548721876,0.3040605505294182,0.0,False,0.014241257942079633,0,1.0,0.016669143748332435,0.5759169235130572,False,
20260901,1146763347,2026,017,Montevideo Centro,A_CORE,0.0015,0.00025015639338155093,0.8519719220149715,0.6709700839474351,0.2795592660005525,0.7274567416180366,-0.43819276168243426,-0.7969196823920033,1.7514200516462162,-0.6994925104092584,False,0.0,-0.1882025658927391,0.0792983631701786,-0.0694602548721876,0.3040605505294182,0.0,False,0.2793953110455698,0,1.0,0.00030589775733138577,0.2001568511514371,False,
20260901,1146763347,2026,018,Pando,C_STANDARD,0.05,0.008512444610847103,1.034449380272183,-0.6924965012485933,0.008549934126985357,-1.5963032084473978,-0.5109011906698591,0.04332996551974999,0.8356798173344312,-0.5732102666569463,False,0.0,-0.1882025658927391,0.0792983631701786,-0.0694602548721876,0.3040605505294182,0.0,False,-0.11198055583694748,0,1.0,0.007853059212291003,0.3602536073106689,False,
20260901,1146763347,2026,019,WTC,B_STRATEGIC,0.009,0.001505656136097322,0.2660771716341916,0.14935746934345429,-0.08614961777990378,-0.6328681609450062,-0.04724030665723111,-0.7711164683344632,0.89870416685754,0.2762780157737204,False,0.0,-0.1882025658927391,0.0792983631701786,-0.0694602548721876,0.3040605505294182,0.0,False,-0.04509824611594743,0,1.0,0.0014575515928800919,0.1969486889632842,False,
20260901,1146763347,2026,020,Canelones,B_STRATEGIC,0.01,0.0016736538523104416,-0.34129025097755883,0.013291274123427982,0.8423481704447582,0.9245593030388184,-0.7762279701800998,-0.331967080246213,1.354800279391978,1.067104453644815,False,0.0,-0.1882025658927391,0.0792983631701786,-0.0694602548721876,0.3040605505294182,0.0,False,0.22467860953362923,0,1.0,0.001967527681844146,0.4908327545800599,False,
20260901,1146763347,2026,021,Durazno,C_STANDARD,0.03,0.005063670756198957,0.5671565523146604,0.24491244829931164,0.1881813890777878,-0.6704702832883839,-0.6835871770901525,0.06248264030019712,-0.9791818082792638,-0.8538293732013488,False,0.0,-0.1882025658927391,0.0792983631701786,-0.0694602548721876,0.3040605505294182,0.0,False,-0.16919315824343292,0,1.0,0.0044829109105456256,0.6963475057517142,False,
20260901,1146763347,2026,022,Rivera,B_STRATEGIC,0.012,0.002010073962457337,-0.20386267562231505,-1.3356959395889565,1.137690449253177,-1.057519427802288,0.179219152271952,0.18359008693983814,-0.21032124758132809,0.7368396182533696,False,0.0,-0.1882025658927391,0.0792983631701786,-0.0694602548721876,0.3040605505294182,0.0,False,-0.020451293712722925,0,1.0,0.001980692611175239,0.41654019460793135,False,
20260901,1146763347,2026,023,Las Piedras,C_STANDARD,0.042,0.007125740823183402,-0.09176154944049195,1.4380349031508959,-0.4995440121867227,0.11092402161261422,0.35795955316989037,0.21271383001348212,0.5927406921386562,0.8997303995084294,False,0.0,-0.1882025658927391,0.0792983631701786,-0.0694602548721876,0.3040605505294182,0.0,False,0.2986230049733877,0,1.0,0.008835010193320728,0.8986218461261496,False,
20260901,1146763347,2026,024,Tacuarembó,B_STRATEGIC,0.013,0.0021784968818643335,-0.5682287993428817,0.346938060346267,-0.6046808984344852,-0.2642395800119155,0.423474807942844,0.12481994257800866,0.1244545309503527,-0.02591804377732948,False,0.0,-0.1882025658927391,0.0792983631701786,-0.0694602548721876,0.3040605505294182,0.0,False,-0.0914718055630632,0,1.0,0.002039644310888717,0.852589824094419,False,
20260901,1146763347,2026,025,Prado,C_STANDARD,0.048,0.008164859015498682,0.5768619064334575,0.698968446586832,-1.002220604147745,-0.02018011255054475,0.4194207876587285,-0.06465221090075957,0.9773900458441893,-0.4181154323844834,False,0.0,-0.1882025658927391,0.0792983631701786,-0.0694602548721876,0.3040605505294182,0.0,False,0.1090952057352304,0,1.0,0.008832057566596515,0.9628467559131207,False,
20260901,1146763347,2026,026,Carrasco,C_STANDARD,0.035,0.005920268673714868,-0.7094432847903112,0.307416778488236,-0.47334805452612044,0.24747877326390647,-0.06761341803448453,0.6387940429431279,-0.5900763419490286,-0.8915508631708604,False,0.0,-0.1882025658927391,0.0792983631701786,-0.0694602548721876,0.3040605505294182,0.0,False,-0.16419728102506395,0,1.0,0.005260151294776721,0.14264901434662702,False,
20260901,1146763347,2026,027,Colonia del Sacramento,B_STRATEGIC,0.01,0.0016736538523104416,0.049107537077489244,1.041109412803602,1.100570504305423,0.11337091952515732,0.2815601817361551,0.9421561975310769,0.4895100178644837,0.7124318514749566,False,0.0,-0.1882025658927391,0.0792983631701786,-0.0694602548721876,0.3040605505294182,0.0,False,0.5912007209384079,0,1.0,0.0025617066357713383,0.26363994893054743,False,
20260901,1146763347,2026,028,Ciudad de la Costa,C_STANDARD,0.045,0.007644619866971847,-0.10821093520856437,-1.2634977646306833,0.5731944120536948,-0.8888645237910688,0.08978799850894204,-0.14142400137461672,0.6927892372002348,-0.6618878949410821,False,0.0,-0.1882025658927391,0.0792983631701786,-0.0694602548721876,0.3040605505294182,0.0,False,-0.16681005263277324,0,1.0,0.006779469656641464,0.3516804697291124,False,
20260901,1146763347,2026,029,Florida,C_STANDARD,0.03,0.005063670756198957,0.8502921085167106,-0.2346290313210813,0.8363637805026648,-0.48561211470908106,-0.6612044611203738,-0.490318668908275,-1.4956722856215865,-0.1437520371766423,False,0.0,-0.1882025658927391,0.0792983631701786,-0.0694602548721876,0.3040605505294182,0.0,False,-0.0764234367137143,0,1.0,0.004792569950921683,0.5796126652082795,False,
20260901,1146763347,2026,030,San José de Mayo,C_STANDARD,0.028,0.00472206159867683,0.4471378303119694,0.4215587574601126,0.39045651061205144,-0.3506955806931855,0.6737414257152612,0.592968824911826,0.6732569682279728,-0.25631712948019036,False,0.0,-0.1882025658927391,0.0792983631701786,-0.0694602548721876,0.3040605505294182,0.0,False,0.35157284346619166,0,1.0,0.006082269691944947,0.5232570546077274,False,
20260901,1146763347,2026,031,Mercedes,B_STRATEGIC,0.011,0.0018417930403104021,0.0368639269613974,-0.13323049284485294,0.053099181944421314,0.8787440902613676,-0.15701688438735417,-0.6928450761658838,0.27295157229104183,-0.13058690323684613,False,0.0,-0.1882025658927391,0.0792983631701786,-0.0694602548721876,0.3040605505294182,0.0,False,0.00040854707932211007,0,1.0,0.001842334890600663,0.7666245261043676,False,
20260901,1146763347,2026,032,Salto,B_STRATEGIC,0.008,0.0013377996300605322,0.09086968621329972,-0.560398236408233,-0.39546328713499296,0.3885145714991247,-0.42902739929097,0.2557976290201966,0.09744802626291021,-0.237929971361993,False,0.0,-0.1882025658927391,0.0792983631701786,-0.0694602548721876,0.3040605505294182,0.0,False,-0.13489598619095888,0,1.0,0.0012139761991309475,0.4044698735767357,False,
20260901,1146763347,2026,033,Trinidad,C_STANDARD,0.038,0.006436004347869617,0.47316220083552035,-1.4849514437531592,-0.5146409031479456,-0.19171546127510652,-0.7684657900422848,-0.09565309707733728,0.015221349030336312,0.16845894320906865,False,0.0,-0.1882025658927391,0.0792983631701786,-0.0694602548721876,0.3040605505294182,0.0,False,-0.30020491045861575,0,1.0,0.005184950885179335,0.3511449453301222,False,
20260901,1146763347,2026,034,Paysandú,B_STRATEGIC,0.009,0.001505656136097322,1.5694308268867554,0.22453417571356016,-0.13320929906994444,-0.4327360644698778,0.09103372721365594,0.3956209630794332,-1.57131016592055,1.3870303614600323,False,0.0,-0.1882025658927391,0.0792983631701786,-0.0694602548721876,0.3040605505294182,0.0,False,0.2635511745211997,0,1.0,0.001820271416067185,0.8565648913826758,False,
20260901,1146763347,2026,035,Fray Bentos,C_STANDARD,0.032,0.0054058673761743226,0.3248786876960017,0.7150056442862218,0.19468080684454095,-0.4976083506407235,-0.5154985216190029,-0.10120046256915474,0.00681711268179875,1.2154080773183227,False,0.0,-0.1882025658927391,0.0792983631701786,-0.0694602548721876,0.3040605505294182,0.0,False,0.1114244036296152,0,1.0,0.00585742733264362,0.260911540570512,False,
20260901,1146763347,2026,036,Artigas,C_STANDARD,0.04,0.006780573220505293,-0.6830174632399996,0.8703774037257629,0.531516449870353,-0.19950179628348713,-0.1242221846582061,0.5463481695353034,0.20507015605445858,1.044939639403006,False,0.0,-0.1882025658927391,0.0792983631701786,-0.0694602548721876,0.3040605505294182,0.0,False,0.2153516123604023,0,1.0,0.007917811208557068,0.33471671437368955,False,
20260901,1146763347,2026,037,Colón,D_VULNERABLE,0.08,0.013800818181815777,0.24056768342125134,-0.9002124703218201,-0.25707032724925005,-0.5434609694473977,-0.2820253659450649,-0.45737926530820616,0.9123960401979836,-0.6851254424565221,False,0.0,-0.1882025658927391,0.0792983631701786,-0.0694602548721876,0.3040605505294182,0.0,False,-0.2779643052700085,0,1.0,0.011297636890889508,0.0830288271323979,False,
