customer_id,activity_intensity,digital_preference,cash_preference,spending_propensity,transfer_preference,liquidity_buffer,recurring_behavior,external_bank_affinity,financial_volatility,business_operating_intensity,business_seasonality
C0000018,1.2219308146983496,0.2356714454863552,0.6516875884063628,0.2372933865682481,0.23156558561904153,2.1592077974822104,0.6754985160263203,0.29875771728922457,0.9086683310577776,1.0,0.0
C0000130,1.2406306396314462,0.7751007543087716,0.33735678443663825,0.617343569258187,0.407582613107963,1.165163668304875,0.2652768870632601,0.28775795269681115,0.65002191592406,1.0,0.0
C0000146,0.8695666790511016,0.38977771383354975,0.3954581258484299,0.16278446756515005,0.5494053469375312,0.9035427395865483,0.7946274746069897,0.6294776396311357,0.41713296774415726,1.0,0.0
C0000188,1.1557620942233209,0.11008648340829567,0.43709837180101613,0.49161687350478916,0.5830333231725988,0.41865540210870145,0.6481117869705192,0.2194159841791496,0.2674434672277927,1.0,0.0
C0000308,1.012723243426374,0.4844785730641235,0.6159389019605783,0.14221418625201432,0.39710908607068945,1.2422299593993842,0.293104899167182,0.7127818073664971,0.8189033756309019,1.0,0.0
C0000341,0.9511459450712397,0.0476067852970723,0.6426892123692373,0.7912781460106757,0.2202270821795179,1.133364680649288,0.5110062743510408,0.7227180177277739,0.8627250546919503,1.0,0.0
C0000409,0.7603334018267442,0.4723361402454606,0.1512842520319589,0.4182232069216048,0.390292290432174,0.8957576761472914,0.7684549034651892,0.7591791664676457,0.5307508411757116,1.0,0.0
C0000461,1.5320128490237552,0.14860006004377102,0.8602846389966684,0.8032237677954559,0.7435012415473272,0.645522995891238,0.16194566246111178,0.6376447775591444,0.7103196711373678,1.0,0.0
C0000510,1.4730313028324835,0.09407051498792957,0.8067581708980119,0.7221241674611817,0.582079465219398,0.5953333093296388,0.6519728126852024,0.6863804666025101,1.1257262884607961,1.0,0.0
C0000533,0.6390884917826176,0.37329562341464145,0.1831786522375263,0.2699970319505048,0.3452184793606872,0.4169260381762805,0.4626509108491016,0.5571627844436412,0.2,1.0,0.0
C0000670,2.1925888660701287,0.7332765427571191,0.31623380572536275,0.6924029976243267,0.7622385227280647,0.596386620878317,0.4928117113689806,0.35368184916629825,0.6709023416193886,1.0,0.0
C0000809,1.913258735629111,0.6184754193177366,0.6087121640432261,0.7300016888446951,0.6254317241945322,1.5316652026005766,0.8375012645851095,0.6334069035678461,0.6394962121019967,1.0,0.0
C0000814,1.2974152948579258,0.399713886102616,0.18049373648297248,0.5799792040035925,0.45173955224750917,0.5493694216726791,0.9006791712923051,0.581626121941547,0.8730847577611135,1.0,0.0
C0000819,1.8310625531061075,0.7089290962987381,0.5524906229070604,0.8615013124817358,0.6120731276929782,0.9641814465993468,0.7599545011531579,0.514971792125043,0.895554375174348,1.0,0.0
C0000878,0.9088868037985288,0.3223898670491218,0.40205525272768305,0.7345550261980387,0.2707063640960949,0.7266472119922817,0.5886737214287873,0.1267105791060925,0.4853484106152386,1.0,0.0
C0000889,0.7171731755083682,0.7612758539538528,0.4501549137736736,0.5015324148901288,0.7126896649503454,1.2845924677851126,0.1503250087411823,0.6841167097908896,0.4141715798935411,1.0,0.0
C0000958,1.7236823431415105,0.5912399173825214,0.6847788833163372,0.4672404244119967,0.6959636033759223,0.5080834632801735,0.3595096821231287,0.4419167701530659,1.1778897863016053,1.0,0.0
C0001174,1.654684859265162,0.4565851331141088,0.4983738299193518,0.4233395948100861,0.7433135398436342,1.1460322545626507,0.7932907396091075,0.8211718838117064,0.7793364502300071,1.0,0.0
C0001199,1.190375365958211,0.2696412144982644,0.622601969939629,0.7289892985329145,0.24726473816869265,0.8941242608800908,0.27689755605619465,0.37146504128063224,0.9707379590102824,1.0,0.0
C0001248,0.8373581305007641,0.8585617799651285,0.2602504753460598,0.2364006801272779,0.5414475740036534,1.9274254143836416,0.29212381683458816,0.47089111068575834,0.3734371193771808,1.0,0.0
C0001319,1.3201711129627145,0.17415914277445402,0.8872124984817189,0.32986412542515,0.7569844888284973,0.823361668233731,0.2213537057350571,0.7991782943244179,1.0664942331888991,1.0,0.0
C0001329,1.984684324931231,0.1738704802912964,0.804675270675197,0.3111167231634354,0.5266041569902865,1.7096980319061423,0.798002332579492,0.7977744241007386,0.9495568486768295,1.0,0.0
C0001389,0.7946635648085119,0.09210098884557938,0.5287222247882714,0.7284073243510366,0.6211908834229541,0.7017751452845085,0.36861506875511607,0.557382904703566,0.8999768338166129,1.0,0.0
C0001420,1.039045853022818,0.1302742227802944,0.7935252716625291,0.17720808404547658,0.25846513345617544,1.232250752456361,0.5559610513378296,0.35986654870439927,0.9593182331553944,1.0,0.0
C0001441,1.3096800065639087,0.46975754533002545,0.5540540701048794,0.48027168352650507,0.22449686906814129,1.2264282357870258,0.4588121956568838,0.39350063712015143,0.5364652515670956,1.0,0.0
C0001531,1.0646048221231574,0.48998027618964457,0.19506848623464776,0.5232919291282679,0.31932230874815704,0.7373409866307236,0.3893598867816233,0.14095426841266342,0.7768861190851493,1.0,0.0
C0001546,1.5837163594585482,0.25616161689514605,0.790014754119939,0.32942427975969335,0.5606802314941449,0.31581716423074635,0.7236501500988262,0.39772912660790155,1.0327377482137243,1.0,0.0
C0001584,1.8109789887161354,0.6806962779020524,0.5870115209403441,0.34291133305058286,0.6890257118645297,0.8440345757653952,0.5499867582979981,0.3352644995496266,0.7366691661555163,1.0,0.0
C0001669,1.4032214875768314,0.2923855787606032,0.41485872612641916,0.7149448785500939,0.17731620745920637,0.8165055875234525,0.637226187829682,0.22337215303173835,0.43359909765104604,1.0,0.0
C0001727,1.4432772620694625,0.032512239841017455,0.9484759265887187,0.7826751706733251,0.3517378413499698,0.4099816168047718,0.506004075788811,0.3206716770577249,1.0454232710902531,1.0,0.0
C0001829,1.5229656802094775,0.242992640116072,0.37290477320504056,0.5759521383139089,0.8077467196723551,0.88600425376519,0.23413082817027772,0.48007738039163655,1.4224650213219243,1.0,0.0
C0001886,1.1317357005678816,0.2575264632412141,0.16121882615807145,0.3943745664392838,0.23504761533211233,0.6880251947205678,0.4482619478856838,0.4546139987342058,0.5342346658540968,1.0,0.0
C0002018,1.1800434725242426,0.15246596442675628,0.837386120182001,0.1315636914100074,0.5692477973913639,1.1076498194359874,0.6763513920045108,0.34334264461604547,0.6914473635115178,1.0,0.0
C0002058,1.1012634843258735,0.2767639815444226,0.5042304379010207,0.3318555104321238,0.6958787934532641,0.7206592096054206,0.7719479888060781,0.7732507533013901,0.740395572098347,1.0,0.0
C0002078,2.0096293699441823,0.3559253163069096,0.1781805553734662,0.35988124290666534,0.8903774833031912,0.6870085200540264,0.3057680291458674,0.45425498623974647,0.8130214016574594,1.0,0.0
C0002237,1.347001515536993,0.5838495869953791,0.1353970759927072,0.32525163775194954,0.5882077039333841,0.8881380073861086,0.6206763559952558,0.100420531887165,1.0322440545708644,1.0,0.0
C0002260,1.3007453916965754,0.5715522583168138,0.2521830422821557,0.3952021076121457,0.35176325436896133,0.9117987231358654,0.30894869890698706,0.454084418897482,0.4464227699327587,1.0,0.0
C0002293,1.213717184766078,0.24460949318263944,0.5230354658893911,0.6228145602132958,0.41895896175676817,1.3042478564198168,0.36503073261504493,0.20080021116310845,0.36021287365782706,1.0,0.0
C0002551,1.4978519539397754,0.4759291219812131,0.38508864376666857,0.6408834701030318,0.49459279934570793,0.5426856391554147,0.661745832166637,0.8634538641425645,0.6059741086324018,1.0,0.0
C0002612,1.5728190246840001,0.6678810743064307,0.5012830889319503,0.6643322561119362,0.533244409210738,1.1347613695631757,0.8445246744990026,0.7065220178431094,1.0747221914343599,1.289931211775638,0.714949963403803
C0002656,0.9926568899180332,0.2326379467502209,0.4429045266427348,0.3630402592725241,0.586633885831501,1.2073738136362473,0.16272932431855647,0.5017614531410227,0.7855830761909244,1.0,0.0
C0002685,1.366529810484945,0.4348623090742505,0.40354704711510375,0.8296239039147817,0.252554243466846,0.7595120434680114,0.5813833882511807,0.3712461360436774,0.6250969012290841,1.0,0.0
C0002753,0.9279129562475189,0.5057372612143346,0.29935893902206406,0.4952940850967469,0.4159895605220423,0.5909020173666419,0.6726604802094461,0.32673685746682396,0.36077039923005844,1.0,0.0
C0002808,2.0392808981545762,0.2583864429168256,0.31521904650254917,0.8149231716372625,0.6163361867014413,0.25,0.311541174016089,0.32814946939149325,0.9418328458795997,1.0,0.0
C0002828,1.8039687293646012,0.26709450125999123,0.6742444704178334,0.756436173629449,0.5491656814802194,0.9246812148434443,0.8722126868397035,0.6996919211284374,0.35087273593331975,1.0,0.0
C0002944,1.292116252450266,0.7618256361085357,0.40065731641053226,0.20790330719372382,0.374477753079995,1.1103311604792718,0.8874765440337611,0.20290707225946866,0.24257390419839558,1.0,0.0
C0002949,0.805729632120685,0.2867781752387264,0.6935601219280473,0.6709454384033519,0.4240441147277228,1.0312721668190512,0.9465105577328314,0.23563664537646462,0.4991108139033862,1.0,0.0
C0002955,1.0550565928078879,0.40644718683163633,0.5143627738373291,0.6236939683511391,0.5293624331767365,0.5766074574854695,0.7049989369136833,0.4608258993352983,0.8853851958556325,1.0,0.0
C0002976,1.054204505804576,0.5103653153635799,0.26840277727094886,0.502185615025753,0.25660126281043194,0.884621505530774,0.3778054086358534,0.2535823398436207,0.8982895398120007,0.5,0.621874018941878
C0003012,0.8386722713502546,0.38680328698165084,0.276300665006487,0.2642718378810059,0.5728341788975575,1.1103122951515954,0.6327391414959777,0.8573758821848196,0.6461698530229203,1.0,0.0
C0003052,1.3636271616530717,0.10499599144860622,0.632632162532046,0.23067453554336048,0.42903454590601653,1.7931190474952943,0.87134366127396,0.7053923214184135,1.633788787204121,1.0,0.0
C0003145,0.8968127044449995,0.23687226364940547,0.6795317789701064,0.28313347577376885,0.6068592238979872,0.8032685519735394,0.6923821963813834,0.5107648634473261,0.4686243139690878,1.0,0.0
C0003160,2.1931959187158236,0.8377351866092231,0.20969461517687454,0.6694218866780225,0.9070243106328632,1.1658339320903748,0.48233122259824956,0.5477164291975513,1.668648921525159,3.9661425590857586,1.006664330540998
C0003211,2.1985155384920945,0.5300491923305443,0.542064070890973,0.29501067083821547,0.5815915186847163,0.9034808078576648,0.7637033303204167,0.21001205936295408,1.0923963818670541,1.0,0.0
C0003218,1.1098030870303994,0.45271969649747745,0.4289773581470029,0.2958045761429373,0.38682865550085216,0.7902323173752309,0.24502779895464638,0.6214913413091595,0.6287774453944512,1.0,0.0
C0003241,1.2231304866312804,0.17517898948064148,0.5187755123213181,0.5464765668205542,0.5404796350673916,0.9534770278414358,0.4919968564953745,0.7468131732971829,0.9826881627533788,0.7589398078434175,0.6668609176679272
C0003263,1.2004478589483067,0.30634328567309804,0.5916035614681392,0.25898594873137215,0.6047327750584107,0.8703278775369061,0.9015704606312464,0.6768152605008408,0.6368538960087798,1.0,0.0
C0003269,0.8842661215337626,0.054718726412260055,0.6777197604431915,0.49862864944910645,0.39575341953661985,1.1046652444327505,0.4209841677721691,0.632058904059367,0.34700245849998645,1.0,0.0
C0003454,1.955385837438562,0.23654388329257967,0.8773535701797909,0.569025998901539,0.5828536102171925,0.9627905413693445,0.5609018952969196,0.06438777093067637,0.6165072632184367,1.0,0.0
C0003469,2.2737616256708475,0.3238227376749646,0.591900020256667,0.5710885760092999,0.7094568215826972,1.747238326495544,0.40602145899033043,0.3953325826409073,0.6922715676914512,1.0,0.0
C0003546,1.5930955298402574,0.760873221835836,0.12082718384432921,0.5148087599835212,0.6731920332940432,0.6277120568648205,0.351099989299871,0.5055742351123629,1.6121109561345461,1.0,0.0
C0003635,1.2654694671496818,0.038889648623045975,0.9042955373273558,0.20791056457374152,0.47470093896651394,1.2547988284726457,0.19165251360412872,0.19969506502243903,0.777287379590683,1.0,0.0
C0003663,1.1556270880471036,0.45659417570603744,0.44160995749735454,0.5914563889417562,0.36499858638068644,0.5358444789494328,0.6483738941257924,0.38810871081447745,0.6298495076753762,1.0,0.0
C0003807,2.527910141762103,0.5613507207450413,0.23098948297661404,0.33742745673588714,0.5503495578831087,2.375419799149782,0.4716614076394394,0.23933887404591625,2.5,2.4321665038894364,1.9378685341620172
C0003823,0.7597409704650824,0.30003396529493764,0.4588851093337903,0.2837089740951613,0.3060006816693551,1.3390937863278656,0.37640410739281677,0.2132045705990989,0.6328508546498557,1.0,0.0
C0003980,0.8504544050830004,0.21233262711183373,0.2678834208400177,0.15547484139969586,0.16220341154297552,1.2242869038186355,0.5291208136179931,0.20827003180987866,0.8882067228279564,1.0,0.0
C0004037,2.1985508190603964,0.3129232038640547,0.4801680109824881,0.48860988656293297,0.4866543681372425,1.2519446598692363,0.17233482747320172,0.6346347508386666,1.0880623826453186,1.0,0.0
C0004038,1.6316960615410339,0.08868423084425614,0.5195514460681107,0.7949677472063956,0.4096625794146542,0.8434186314572346,0.32246518357639187,0.4915990806562863,0.6821747906238655,1.0,0.0
C0004102,2.398472083366728,0.20427077268973484,0.30924305048693174,0.2866998154202002,0.8660633607004127,2.388233455857373,0.3664302181538392,0.3172571890325085,1.8552017405167232,3.6390856817923667,1.093157687804516
C0004278,1.7942728431078168,0.12980084794335825,0.8515373309197589,0.44124815816746327,0.34825174808408654,1.896440577678697,0.5851041586653833,0.10237872165098154,1.5634419472521666,1.2086121431451264,0.9569442263045803
C0004383,0.8795415649157946,0.035921504970513114,0.5945580935070566,0.4159907488118412,0.2154280681374145,1.6522466394322044,0.7034324990783785,0.3308153873373056,0.6838504918920338,1.0,0.0
C0004390,1.0756125848480138,0.5072094226000933,0.6284714330827188,0.7421510438184177,0.4218565509854359,0.6791727745211704,0.5975972496259199,0.7876514659439212,0.4722000053131808,1.0,0.0
C0004398,1.1700608597685591,0.23772486766866022,0.8171954436478268,0.3151254057112657,0.3743958060134861,0.7798312566492216,0.659365097529851,0.24791767706158832,1.1261842411816898,1.0,0.0
C0004429,1.2222263622397884,0.28113675864987686,0.559205328242273,0.31091634088384373,0.7153216575007413,1.5420251327305248,0.6626674469611776,0.5856398439595945,0.42028328195652453,1.0,0.0
C0004463,0.7604252495276113,0.32977767351629256,0.5650957983548158,0.4709101728463482,0.17460731243902453,0.6732601697921272,0.8919200621909383,0.22043399690452628,0.43046928603699885,1.0,0.0
C0004538,1.0677214028521815,0.7977057610465977,0.45125724405572687,0.3346406525108249,0.2936409715644725,0.4629630736030439,0.5366023512978217,0.053095639180888096,1.2504618748018603,1.0,0.0
C0004542,2.440280262073384,0.7485118724071672,0.08830298355354695,0.8028866235117432,0.7290872209672454,0.9847966248244141,0.4141684474359729,0.4522390413990209,1.2117739744104845,1.0,0.0
C0004677,1.4495835643159312,0.6350489080085385,0.2651133852642366,0.25658589706899054,0.32091046821614766,1.123303130795936,0.6219712714050228,0.4407173516213387,0.6894695122353337,1.0,0.0
C0004705,1.0138517543958938,0.1675278076207102,0.27116323111087653,0.32110387220232783,0.34659947690007586,0.44298462247711434,0.45882019317321754,0.33766440239052664,0.7051552230945506,1.0,0.0
C0004721,1.5286360638359489,0.3854550238904161,0.3994887056820041,0.8223055890306388,0.2975292429221633,0.8834042420028466,0.7608559563724893,0.24294243071116203,0.8470150860834083,1.0,0.0
C0004759,1.1800454520093655,0.3709592206892829,0.497302742904163,0.7171164158705805,0.6905898462934773,0.6995452092794935,0.7734400382067148,0.7033949377060815,0.45469012650177054,1.0,0.0
C0004808,0.8911046300454245,0.255699669727472,0.565097582141562,0.48536271471839154,0.7692092003474156,1.091585033219258,0.34262213485881066,0.7655248620028541,0.5947592379196578,1.0,0.0
C0004827,0.9699037289954133,0.6257096661132984,0.33703476064641924,0.5442741978327037,0.45323494920607527,0.7958128731876618,0.7903155092319376,0.7042360367577621,0.926662852495665,1.0,0.0
C0004836,1.113889957526563,0.22117305624729894,0.5198430211697959,0.510581962065181,0.37031360117909534,1.14987082663849,0.6663426306669956,0.41376077986881754,1.0563188668549675,1.0,0.0
C0004871,0.7676950196253464,0.24119806594403256,0.6051793553713645,0.7025865997034255,0.5654955437591299,3.4945924570486877,0.4708862086833663,0.6990198061863413,0.3959210570590318,1.0,0.0
C0004922,1.6755149024815785,0.10463963756324375,0.6351619494170697,0.8169365449057614,0.4945987762418206,0.28602652125366235,0.9763489395185367,0.2787500878272171,0.6584622257251322,1.0,0.0
C0005214,1.181464281519557,0.39777213994146665,0.3965566162300651,0.25184658686930605,0.6390600669384872,1.7545141015584382,0.74495910092371,0.7090004996328843,0.9887176262768781,1.0,0.0
C0005223,0.7727836539377139,0.3154610257936239,0.47435268030773214,0.23684675971119384,0.3842834002988909,0.5074303058113512,0.6441161176532053,0.39896385681484964,0.3622812954084623,1.0,0.0
C0005291,1.907625546221724,0.09722843428810514,0.8605723043661294,0.5457814596645986,0.1357317211170836,0.7808584765674633,0.5716536001898903,0.39623672278839817,0.9750270226145745,1.0,0.0
C0005455,1.4496529632319288,0.3739377366060729,0.4034102089770278,0.657982584168999,0.42921421052690945,0.9168816143398043,0.7076382850562553,0.2547476982588108,1.1621324695649151,1.0,0.0
C0005551,1.5513544328538589,0.6489792045996883,0.501999634869076,0.7975738483881926,0.43841020372977474,0.8305044523697127,0.6441669643016202,0.13238693398166462,0.38621903854368855,1.0,0.0
C0005593,1.3955261554962608,0.13657167178811744,0.8808986344313677,0.7895292772665815,0.7363436517490919,0.7084114167220531,0.6744549247373036,0.5542187189403109,1.196814889590659,1.0,0.0
C0005782,1.2274945224778173,0.19517161367626235,0.8193330505908988,0.6187493428022605,0.9430960303144549,0.5357959606322277,0.45204665355642704,0.6688603605109739,1.1450773901112175,2.0152434597644246,0.7510944921043725
C0005862,1.284963463777585,0.2772193142539048,0.42702928538208357,0.3614358804547931,0.682719269783968,2.023619622487554,0.851915708268978,0.4032512319309514,0.7073128742924405,1.1934632580243443,0.5163751834076005
C0005906,1.7668280782605297,0.6247319369735227,0.2474306523693169,0.4532589613933668,0.6562741190817682,0.8592966958644127,0.6140122945964575,0.2748859075042006,0.763924282021407,1.0,0.0
C0005942,1.3949538363713763,0.5519845332233692,0.6317352766023147,0.847792162519417,0.24977724322864694,0.8291776046894248,0.8474681752758831,0.4072241912470293,1.3760816369852602,0.6576384461312694,0.8664999139229903
C0006078,1.0473664178009248,0.1016127379408854,0.42822071011705165,0.3727883481268739,0.6262390019071454,0.6019819938647158,0.38253152979639526,0.5889614463440157,1.2024782093778088,1.0,0.0
C0006245,1.2004734516214577,0.5506978684378209,0.4535589464457383,0.16698901093890553,0.3816186289306156,1.0412670885454396,0.35840923383884044,0.6366708848763312,0.5278474425081873,1.0,0.0
C0006255,0.9353402659913577,0.4113297281706178,0.5646751648350407,0.5437132635693747,0.14918488890931708,1.4090842847377762,0.3188755321282614,0.3164146549863286,0.6096887057687513,1.0,0.0
C0006351,1.1638194633185064,0.49107320813981037,0.19061819395958998,0.3408004218880419,0.2761921821459569,1.1160982646037143,0.6729075273192255,0.6531003613561414,0.9268325742447584,1.0,0.0
C0006377,1.3204356575376284,0.7318675685714536,0.3512323387638066,0.5060421817969951,0.6030570211024102,0.8906144220161776,0.89638715505705,0.20667012134413532,0.7565394241110475,1.0,0.0
C0006530,1.454694944178851,0.13986151840729272,0.5274345998881617,0.5693777066410368,0.5614855873430752,1.0770591841639618,0.4250507625283967,0.6737228250585899,1.6741159349452266,1.0,0.0
C0006554,1.9049957415592558,0.8068653669246966,0.09800738427715723,0.3930069410136585,0.7543488815661968,1.3671849197691066,0.26698142803094677,0.42179291533929425,0.44384718414790325,1.0,0.0
C0006579,1.221599483624323,0.45837543585801943,0.3010110821646217,0.7099444309961553,0.5926820497912648,0.5759933992390099,0.44500129118500775,0.5028621872491461,0.4820037983168217,1.0,0.0
C0006624,1.8503571053303156,0.4786921089187144,0.5174796217896123,0.464607688498759,0.45656795378109394,0.9564906247171399,0.5314168072488147,0.39355105469252405,0.7887229117457101,1.0,0.0
C0006626,1.620248745686974,0.506702779459896,0.7235792762849272,0.8214539068974884,0.7487326898155412,0.511248055875051,0.6717180245889588,0.46126692723881185,0.9566571508886863,1.0,0.0
C0006777,0.8813478880976714,0.45567513015662636,0.6646029770309768,0.28956038381893484,0.538790866242035,1.0845650459527654,0.7202264310549353,0.25529678383898685,0.3208207400429809,1.0,0.0
C0007130,0.9600295803768849,0.6583142759028935,0.2102561953400349,0.4578774886545687,0.7048746788780794,0.7237793327607691,0.4050013766141982,0.8697863004833133,0.5092697086129298,1.0,0.0
C0007348,0.7036100387527763,0.5523623810941715,0.17405026101971482,0.5234097340987822,0.5607188964328657,0.8828463532500067,0.5228491011329398,0.2698324059329538,0.45511681148958294,1.0,0.0
C0007493,0.775786064979776,0.4646188452696062,0.24983334807887822,0.3517058816480186,0.42567807227056903,0.5074024097416325,0.5830019547798898,0.5774670684807474,0.7447040638064515,1.0,0.0
C0007607,1.2052472337507933,0.46712798319096327,0.126778701049014,0.7226601121174856,0.44484483702265804,1.4109578224914097,0.8246457579430517,0.5447278369550078,0.46368845025619343,1.0,0.0
C0007688,1.0089754135666233,0.36875678607661744,0.7361032799744666,0.8143185123021716,0.6613028578225971,1.0044047960797247,0.4988587355889467,0.8800293082473123,0.7392381082537283,1.0,0.0
C0007713,1.181825487193546,0.2851867026401079,0.2575088632439185,0.2386276521883716,0.6218135611744443,0.6170062095727284,0.26342585273135344,0.5203460169491536,0.4497210907017516,1.0,0.0
C0008118,1.3147670712801327,0.6320544492053329,0.46057209620040745,0.692964143502655,0.7049901893999411,0.9555679190882489,0.5638136590124376,0.6525745350167417,0.4481260669648209,1.0,0.0
C0008151,1.0205595429820307,0.21920471571877703,0.610603999096765,0.6548186394043308,0.4354062408050822,1.1748217745038998,0.47737572990378735,0.3192926570114298,0.5506045228432299,1.0,0.0
C0008201,1.447359560803893,0.501982661706637,0.14222643589580314,0.5304018183179544,0.355683567603146,0.6275613197044022,0.8057897546977666,0.19066195700250296,0.6385814498480273,1.0,0.0
C0008312,1.2638930249924754,0.24605991147008946,0.71214568856545,0.18100583574962884,0.644592760385432,0.8166576013820968,0.31218261262587715,0.4352363943478915,0.5926424749613881,1.0,0.0
C0008390,1.0512835359260546,0.192718441299556,0.46172685267225905,0.665748500127649,0.41540292911259635,0.4388888104786411,0.47927504455677616,0.5865733956569726,0.5215060231653931,1.0,0.0
C0008437,1.239012771290943,0.8600859453918116,0.6176189571371303,0.32697716787811126,0.5574744336197013,0.6262967873432325,0.4455096295414664,0.4465989990104796,1.3072251679423648,0.8866644114003671,0.832585614150266
C0008515,1.3393954348622932,0.6027519748998004,0.26878673003298464,0.790776832016585,0.6071330696878598,1.1060524846354594,0.8295528679044436,0.6755414230707707,0.2,1.0,0.0
C0008607,1.815890317991809,0.504848035417497,0.7375763907706224,0.6624699184321109,0.8521669054915204,0.9975660950457714,0.38942969559011664,0.4362059738514192,1.0052273357979626,1.0,0.0
C0008666,1.1285969434484904,0.5889438553379653,0.8327311454628462,0.4503124593937052,0.38830768362553936,0.6021285072663426,0.7514150198968885,0.6014450446957327,1.1269398004649462,1.0,0.0
C0008831,1.1814029334368175,0.7850956314016799,0.7302235804638635,0.18668390706792454,0.7184035699410013,0.5695465099533414,0.2956544826647484,0.655244394527917,0.39203243128095194,1.0,0.0
C0008943,1.0160435352918247,0.15968460487863387,0.49222496629917095,0.16172380758226734,0.2012104734003668,1.457967560874867,0.4337868265000067,0.21497883163614798,1.3243818621649812,1.0,0.0
C0009056,1.0283287677947517,0.6035116888580344,0.3679568626852757,0.28525440323101564,0.2883875334611419,0.5419039350847463,0.46093974952020406,0.4171430099427042,0.9498971304878742,1.0,0.0
C0009138,1.9226005065655505,0.8502000607951969,0.43789696976447623,0.46204900528387155,0.38759274557728185,0.7477926921531189,0.48150387365025843,0.18910531386480253,1.5277165245884263,1.0,0.0
C0009145,1.668702846952325,0.06629764439270937,0.6559323605619997,0.36625650653654107,0.5780637005369634,0.8545415250923658,0.5008638637672393,0.4569926578545015,0.3508416508164185,1.0,0.0
C0009179,0.9814126755223576,0.10013718634319356,0.8662888728999678,0.3896056583185823,0.32464800664436894,0.4749741271441961,0.5953301625816432,0.6589761122113454,0.8348600495524663,1.0,0.0
C0009226,1.2464052091197326,0.330846460618118,0.15071810961998086,0.2503547584940352,0.7256000025365565,0.8512445277086409,0.40927418863924125,0.7529669138230054,0.8816331159114573,1.0,0.0
C0009256,1.6592720476706995,0.8379047005852647,0.1864877663376268,0.36876601435020306,0.7037572720545983,0.9281208615301667,0.7560895605337644,0.7303753246686169,0.6224389454740216,1.0,0.0
C0009429,1.1702167857568644,0.3986407149114338,0.38893797220623316,0.20123658854191462,0.7401420218994109,1.6208249456670905,0.656210220026234,0.6439278400733376,0.6088392928495145,1.0,0.0
C0009486,0.9190660348448715,0.1684391225663875,0.5887934343168163,0.3223720241326132,0.41007403549238874,1.5502178208520612,0.45957676860493873,0.4130698989622029,0.3661512571895483,1.0,0.0
C0009512,2.0319059350042017,0.75571682148309,0.29424911054313924,0.5403639761494825,0.5344168966528461,0.7665880524812944,0.601144415249149,0.6089362317557393,0.9397159634874395,1.0,0.0
C0009662,2.0362131124337015,0.10917201556930503,0.3652044482890791,0.8106115851426369,0.5987655399820563,0.6193131184635263,0.6286925926357065,0.8368443717243127,2.5,1.0,0.0
C0009686,1.111820922376616,0.0721097785925853,0.7025626694613535,0.18250443674949057,0.5813228014816593,0.7498384962528256,0.3642646477080138,0.14954488264751678,0.7810591288488699,1.0,0.0
C0009810,0.9845897228084177,0.5342235091478915,0.5375820631908205,0.2716881009550299,0.646500766980899,1.3923520167412526,0.6731751678601894,0.8296442617267904,0.6380125153999374,0.7728161877262708,0.47657870615573317
C0010408,0.7781343903967615,0.6560940836948188,0.28404101740720705,0.17950783006740806,0.21433237691975898,1.1897119381636316,0.6801810194108292,0.2651070359071517,0.5073827488980369,1.0,0.0
C0010422,1.0607708534537237,0.32952527372826196,0.4382992201858829,0.27477945748613564,0.5774856199867086,1.3046890375245401,0.8244864400094916,0.4720938129900364,0.879829601883682,1.0,0.0
C0010513,1.5529495460652825,0.5119923066216936,0.2654664858249635,0.6839335039930315,0.5663791406151903,1.1890883952468287,0.44909626666020575,0.6030432688228617,0.5292136143166462,1.0,0.0
C0010519,1.2837508279184822,0.21712864823509312,0.5708647147846685,0.1922935092143588,0.2639915180787685,0.9214815459866792,0.68139533922836,0.45709760064880056,0.7158153209334486,1.0,0.0
C0010536,1.5233394552207693,0.6237329589710634,0.7023843525478406,0.5078719239600875,0.26350007256173336,0.811658313117493,0.48661471355622615,0.34918411845984104,1.0981267905713283,1.0,0.0
C0010551,0.9959035700927708,0.498881535348276,0.6640563003450948,0.4032314222404067,0.4146742146570159,0.6616028154998504,0.4457708398604227,0.6262609891699593,0.686431172140434,1.0,0.0
C0010764,1.7017822052102902,0.6696614037675155,0.5984917389771842,0.812991177050338,0.8137126640481596,0.46616761525172595,0.41854208645628616,0.6334354233565282,1.3044958901016037,1.0,0.0
C0010785,1.593473577236108,0.5950735413075767,0.31349868631913247,0.6824091945650085,0.6269396101371612,1.0042077351932777,0.4653477369727494,0.6980658887986199,0.5000679899487797,1.4946204744209166,0.3943171209812155
C0010874,1.3511300061230611,0.5390202843487774,0.2598230418022907,0.8484808398931297,0.49664683141193267,0.4641113596121344,0.4515752695110504,0.5860867472459863,1.444154566867755,0.9249824572480877,0.8996593922991952
C0010974,1.966125428514789,0.7649552654007015,0.31587740440057466,0.1858279113712986,0.737125831438852,0.6362412230843809,0.575581724054649,0.8331953651922952,1.0151200172666421,1.0,0.0
C0010993,1.1559785522040231,0.0930174602937605,0.4288528237398042,0.6320744441166011,0.3044218977124211,0.5090791118913892,0.48150770752077454,0.6577823669390478,0.4715003239984299,1.0,0.0
C0011197,1.7764771293433534,0.11821847220214173,0.8571072348302288,0.6798203543275845,0.47042933342151133,0.7879068093659588,0.48895521858837876,0.561983187287836,1.0641507765024147,1.0,0.0
C0011341,1.4513685786186292,0.19727579230549644,0.4679707331248201,0.7932151916921418,0.598103007752421,0.689876474680493,0.8449217186933051,0.5280152539298588,0.7650307048323514,1.0,0.0
C0011348,1.3961567300078788,0.261910025902765,0.42405394907891597,0.36041097692939117,0.46415989074284963,0.589076904354794,0.6147296395434997,0.5262166387638162,0.4177220552923798,1.0,0.0
C0011365,1.3592689560817148,0.2942026880463925,0.7547253359951085,0.8029663707334407,0.45719324528336797,0.8637507431102068,0.6919914016218477,0.31339846109067826,1.7462923854386843,1.0,0.0
C0011383,1.1645938075832742,0.04377428508195506,0.787157199437224,0.670293621211567,0.3563000986068869,1.123521490366882,0.6096722724432947,0.1748759915003158,0.5521184116445528,1.0,0.0
C0011554,1.48897071861101,0.06187079783317305,0.9244104427142751,0.7877385031516811,0.7097537268891095,0.8631275469161346,0.9290325308598679,0.7388059160605497,0.9116928248377304,1.0,0.0
C0011666,1.460436768592312,0.23137796741936817,0.846430458367129,0.6352394539375977,0.5540333856532667,0.882397095365969,0.2701314244545428,0.5984643955845267,1.013106078969728,1.0,0.0
C0011796,0.7344091357099585,0.10518257151295886,0.48623212506479446,0.19074902000576408,0.2722108456500805,0.5238312185362216,0.6555559746818005,0.4641299579498165,1.5226849630142207,1.0,0.0
C0012009,1.6787363817697258,0.2445242381296906,0.9324780433283716,0.6713711326067576,0.7671666077592733,0.7978217568961078,0.3026474970293596,0.4577350288393918,0.5231119253222922,1.0,0.0
C0012105,1.4617749746324928,0.44860342938126246,0.8635360066781468,0.8305877027137168,0.3738309923443232,0.846967598845426,0.5125705895213317,0.3039391861426849,1.1203036561912514,0.8754604391020433,0.7384250126637503
C0012113,1.5190487385941593,0.49946520014325646,0.7965825240770479,0.5113490000063736,0.3174644514304414,1.602246885098224,0.37415107492417876,0.3426548771035084,0.9323447627127822,1.0,0.0
C0012148,1.0564657719387158,0.3305566769295316,0.678906776016212,0.586415894641389,0.7646139670586345,1.0507772840849394,0.24755229939526877,0.7587002608276633,0.47749433543731473,1.0,0.0
C0012150,1.7426524188737762,0.2586165922038101,0.9247029980291457,0.47342556300928146,0.6281606576517249,0.6130336204561603,0.8266596555922733,0.7434815870019666,0.7109622828385878,1.0,0.0
C0012171,1.1596993852833002,0.3549898105605447,0.4136607150697964,0.3244696296434293,0.5986064925925777,0.5396829465316426,0.683470004237572,0.26478446451688264,0.81692366918396,1.0,0.0
C0012257,1.2542973799000807,0.5721337852587862,0.46020780300268055,0.5716147310515974,0.7484054909888267,1.0022882880733774,0.8143174520249713,0.4033337198822414,1.3687744767857712,1.0,0.0
C0012364,1.0821344904244723,0.35159847276706496,0.5313727102322181,0.3946015489413927,0.5250409175610934,0.9998314567910429,0.2331786696049431,0.360355533933075,0.43940792008011936,1.0,0.0
C0012385,1.3629889388974106,0.6939893791574229,0.08080143722116469,0.38803592515698765,0.7293306897771364,0.6342249113250406,0.155891657763682,0.83682976486103,0.8029257996495496,1.0,0.0
C0012435,1.0488992385857576,0.14219132240555388,0.610049229641582,0.33295173145760415,0.5005265588462655,1.0141713530020842,0.48023394221770205,0.8314466492661078,0.7282202433990868,1.0,0.0
C0012555,0.8601668821017454,0.7780918894096932,0.09719583663890219,0.1721582773691186,0.5682311939623045,0.7451873253380666,0.7748320274152617,0.35635302581542333,0.32926842828348063,1.0,0.0
C0012604,1.653048819844677,0.40555123809423876,0.6275249941843948,0.4278272312378402,0.7583662671647515,0.7344259069431771,0.3921779619091638,0.6564427840971997,1.1312676466179286,1.0,0.0
C0012668,1.064055582796036,0.49140317780662585,0.5411925568762689,0.5528926100200349,0.36141401228125164,1.0823126785934862,0.8073995717273358,0.7024781641334279,1.1219571255345608,1.0,0.0
C0012755,1.098143249130213,0.24643458950047592,0.4629153816923861,0.1325386210398631,0.2924002826225863,0.7779501013917081,0.4387778461617906,0.05732449313688909,0.9018081907218386,1.0,0.0
C0012965,1.7657439884551556,0.520155594703543,0.48126323769048557,0.6454417956046774,0.7034362316954165,1.006197398295563,0.845486574894142,0.5152096358594282,0.7526183160990904,1.0,0.0
C0013015,1.7137995797134606,0.5596914996642639,0.18799526328689892,0.7077596296353748,0.5791135847758884,1.1809470909165516,0.4719513845286341,0.456746211667214,0.5861483416903548,1.0,0.0
C0013090,1.5741676208337432,0.21241223642388182,0.26829797374400366,0.3993781600951561,0.6575846885578539,0.48086450929360447,0.49361401552290607,0.6538668619280855,1.576701923030462,1.0,0.0
C0013145,1.3952698766555556,0.9014367047486114,0.027634011132914638,0.7440181056258074,0.48578425759201505,1.0940480365160523,0.7130386490044135,0.6507236578937168,0.6043329742296372,1.0,0.0
C0013155,0.9687316189240956,0.29405712382305793,0.3562502160304993,0.6054672985454232,0.28390627552025877,0.7249394808312793,0.663703354280491,0.1436272484244818,1.0348455502105178,1.0,0.0
C0013192,1.610626563032259,0.7288457622153269,0.1287984961714806,0.5603428438291531,0.4156335485067766,1.2434110583671893,0.4443767804878246,0.46451593116255135,0.8011051901306969,1.0,0.0
C0013201,1.6166926467411284,0.48175318224331337,0.11590669676545598,0.07352785728173317,0.7328771617671177,1.096537724406318,0.2043791253601644,0.40401025487520986,0.25727354142177294,1.0,0.0
C0013254,1.223305925371601,0.4734039374080774,0.19961189513993974,0.5784809532982114,0.518060226261249,0.718816658519253,0.2825319651355968,0.5407987674818812,0.89974541919569,1.0,0.0
C0013276,0.9542576094062865,0.14136616501286176,0.7109368667838856,0.6707792298089523,0.6138140887638242,0.878940330174565,0.6868775489582273,0.31156801222086816,0.42874224309382786,1.0,0.0
C0013431,1.968682538455065,0.4239654838299245,0.3576932667657305,0.37341483102239315,0.7382354696050729,1.2269941783867637,0.5036993583645252,0.6300274537483654,1.2180828994882753,2.2475569139714344,0.7880825178651395
C0013554,1.4359799080772244,0.38384412628595144,0.5051820319698426,0.47086578839553006,0.6974940430640381,0.969801903757606,0.6145207003842889,0.5893812211190282,0.45515012555179796,1.0,0.0
C0013563,1.4042245610332054,0.3197940670735956,0.3558967298958934,0.5805143734361988,0.5102009302694168,0.7847508219418424,0.6487690110366652,0.2477149148921621,0.4075017077066094,1.0,0.0
C0013628,1.487775378421934,0.49043778757584117,0.18524499154691448,0.332869395050843,0.7111191538175522,1.4290008686798756,0.796920490810836,0.26645371662787676,0.5780210242779356,1.0,0.0
C0013689,1.5247260628973385,0.6780619598829849,0.2152677764994586,0.310964431954296,0.7287022155517576,0.5448855731629753,0.30935302041746515,0.27116274411735614,0.6505778354649118,1.0,0.0
C0013751,1.0145545787352725,0.2725699959314079,0.6436080341147242,0.2915525227443172,0.3927611680628487,0.5629041717803107,0.1383711794339197,0.1290337218622312,0.42696660214296084,1.0,0.0
C0013908,1.0228855816740903,0.4917364475668671,0.44200943233640705,0.2490453674573593,0.7149907696164071,0.8570649100270756,0.8982003529216371,0.7059561839648697,0.39206412662356427,1.0,0.0
C0013962,0.6746209734424814,0.2956602057117314,0.1926135719869062,0.17460379406501778,0.2189124360929537,1.1847578776074126,0.4959707958567256,0.3040867415023865,0.6801587141512471,1.0,0.0
C0014009,1.2622512087026234,0.7065493839669983,0.403956825281657,0.5140071815921738,0.32616135359083914,0.5852010508062063,0.36603400925477125,0.5853051610286616,0.6124999851754251,1.0,0.0
C0014096,1.0228186944283435,0.13059312121783317,0.625646170442398,0.575311912183774,0.35944805746910563,0.8903868189816758,0.7030952427052901,0.4836483222317244,0.7930398553973431,1.0,0.0
C0014306,1.3003247941168115,0.23762069102063016,0.9401521517548087,0.36185131799605186,0.40227143305914703,1.0621103879170202,0.6072759291691655,0.08343748760745222,0.749206980664631,1.0,0.0
C0014331,1.4218951365511536,0.34555706099696953,0.6788863942358988,0.42935153302360063,0.6084532583810551,0.4607784134540649,0.5114178502835686,0.4318939416790065,0.882730335669868,1.2374132226888233,0.6134800000785002
C0014332,1.8689349481826711,0.5052563247988292,0.49796726646459105,0.6678626171348951,0.8904328737182098,0.46873966022710434,0.6543589973125372,0.33820533642971984,0.6118382120577491,1.0,0.0
C0014371,0.6568571413108614,0.12039524316430428,0.25483929570895447,0.32467894116252055,0.1783302888933124,1.0541715989936327,0.36775643654154666,0.6250375209432573,0.4716846612078345,1.0,0.0
C0014616,2.363566554355435,0.3456858613056258,0.2327443287291578,0.5305779715229563,0.8408956103425568,1.919102465950049,0.73705426670853,0.4729804259161427,0.9419700538659513,3.629530021652114,0.6452689640498587
C0014953,1.2451340375280826,0.16747307741325484,0.39161688460293376,0.31436520956285535,0.1285289994316511,1.1182083341056483,0.6798704682735982,0.39869817841059996,0.3859720851659389,1.0,0.0
C0014989,1.0525878517650769,0.31027917010227396,0.65350913261825,0.3165312955375382,0.3366788819125501,0.4863906634117373,0.4515413366902825,0.3595046978238001,0.24456073807364132,1.0,0.0
C0015256,2.525932295581197,0.8939184452359791,0.12674148135944743,0.6188330423106881,0.6905093242850628,1.4617387230105796,0.4936075004491851,0.24788296718031866,0.5781570020763559,1.0,0.0
C0015490,1.4540407064509917,0.4081967405127272,0.39117549527760015,0.4516894150004466,0.6236497511177909,1.2392176700679964,0.7869378921329047,0.3787441846709409,1.1595061280800123,1.0,0.0
C0015578,0.9697336350831771,0.5324062702437782,0.42919363711274905,0.4401444933132037,0.5786925122113332,2.2362178127462635,0.42561273556748896,0.6564770091513549,2.5,1.0,0.0
C0015656,1.2458594456024408,0.16739390478813337,0.5596181010218184,0.7707067800677809,0.2781281169783139,0.7416226118330749,0.6000776941355054,0.5557423675961131,0.5099138076581102,1.0,0.0
C0015678,0.8909928654983748,0.4510214281656562,0.1901895316051421,0.24474522447641814,0.3398636307497021,1.0303417502378187,0.44950526629167376,0.28418897153425676,0.6517439394126232,1.0,0.0
C0015698,1.7996457584198986,0.16943261744203159,0.8325591872636203,0.734827664385761,0.4892199274741014,0.2972953914122339,0.24455727312004674,0.20489239046549912,0.3380398513542946,1.0,0.0
C0015733,2.0690974600670327,0.4095779703814584,0.4416742176202694,0.2766031838992561,0.8410325996715025,1.2609894550882472,0.27220902887164317,0.36457764844596247,0.4102564948349074,1.0,0.0
C0015769,1.284413102241209,0.3529182378260867,0.391267416945897,0.47420440363640226,0.25815362754694193,0.9508026120260844,0.6315102903352778,0.3527795975193655,0.5276759724872503,1.0,0.0
C0016196,0.9425254293820036,0.1653928507095721,0.5229871325645404,0.08246982013371185,0.4451790910982358,1.093395105381306,0.37828606129789394,0.6207248584971126,0.6289999153407427,1.0,0.0
C0016234,1.1294643949928087,0.15358706583126383,0.8512453248982137,0.5853491323624855,0.6624040160025788,0.7977425083924867,0.6318046436141008,0.3345343548224101,0.4935285326355264,1.0,0.0
C0016250,2.179931715761108,0.6243151509614812,0.5604329761054794,0.889259642649522,0.7028990322483825,0.9460226041597308,0.6820781533963114,0.9417337802174569,1.2345765410659038,1.0,0.0
C0016353,0.8790454896260553,0.21103990504351183,0.7348955950573938,0.35768855062383775,0.4831714753064939,1.0944121626085885,0.6098163797886491,0.5861423286752653,0.9371388127942848,1.0,0.0
C0016388,2.0242288398714208,0.30543075196922814,0.7419214036183381,0.5392892218443655,0.4676218020669435,1.0332130579297802,0.422861605668661,0.6953207678957618,1.6176040301688512,1.6945583638909525,0.9826306758496086
C0016390,0.7614338520590331,0.3099168020882889,0.2237912843112532,0.24249223622896204,0.41313253843550024,1.0080340482600674,0.7201621076347909,0.8915642770039277,0.7372756853741381,1.0,0.0
C0016472,1.2434470124454564,0.14431092356344977,0.543962057173989,0.34686490952387083,0.21061022583887304,0.405766259044243,0.5658906741558776,0.21697707067316394,0.7219555159049065,1.0,0.0
C0016736,1.0181328425581508,0.6141433027493858,0.2739580796965683,0.33049827311751506,0.13422310215637198,1.0482780486294399,0.13426206242972574,0.049051951756209286,0.2965209395681859,1.0,0.0
C0016810,0.9453878893844192,0.5595830495358884,0.2265029627374299,0.738260630922808,0.2589289484041147,0.6697940733174744,0.7609329958786077,0.39123455471157537,0.8781837549702602,1.0,0.0
C0017002,0.9340464856498621,0.7970326591675739,0.2294098759088435,0.3253166529952848,0.532117114604182,1.0104259253844314,0.48982222046951196,0.6492863639493011,1.1848130418960956,1.0,0.0
C0017005,1.4379892013894657,0.19815938149277404,0.6419853495667668,0.7776121818015145,0.665657839903487,0.8904465768791149,0.7276269081853441,0.6496935717351842,0.6169862818631348,1.0,0.0
C0017030,0.7202723878821291,0.13174376194020046,0.7776747978763123,0.7342131810941029,0.4801699060994008,0.7825257044842376,0.46700449560898755,0.42737281554696155,0.43768990902106036,1.0,0.0
C0017108,2.1889454907000503,0.6444472070962365,0.6894027174916909,0.7846636185780045,0.8412712531032118,0.41274939833613783,0.44104614859923463,0.6174151360050789,1.198254814640362,1.0,0.0
C0017177,0.931925736519022,0.23456120666118474,0.6884351567003199,0.783970535484928,0.36937141531422085,0.3609795773957599,0.4630937100137413,0.36507709895001017,0.5130680540838192,1.0,0.0
C0017208,1.644948369217012,0.4152762434479129,0.24535090484488623,0.635253934026976,0.5235140043784334,2.0510710195427744,0.6936594640606302,0.6885689437382355,0.8430991909980532,1.0,0.0
C0017375,1.2614751338902315,0.3631177767021565,0.7539191469341672,0.6876506186409576,0.24708472617793537,0.6017316301761287,0.21070907334365216,0.14748375288046822,0.40862512401804585,1.0,0.0
C0017488,1.698970139586767,0.3236276551228152,0.7853046548763541,0.44490377267452585,0.5937845646075136,0.3714189027391258,0.7027642536279989,0.6099853304486945,0.5296457702463336,1.7263010505564,0.41234070448775945
C0017501,1.1731704907817961,0.6799632829045098,0.6520599297360896,0.3061923924399755,0.35877557586537684,0.798344555458825,0.7228177598512834,0.5247545908731919,0.397354097849664,1.0,0.0
C0017546,1.1163667824803338,0.2839254961344435,0.3922477766687391,0.6890903506143686,0.4391450534762591,0.4307697978190646,0.31981117334328035,0.6510879324032115,0.6204080409977194,1.0,0.0
C0017569,1.651041785507848,0.5250455495327447,0.4770063047275964,0.7598101910927646,0.16501985738074018,0.7376675246936634,0.3525720212631737,0.2341779080408445,0.8271982157659724,1.0,0.0
C0017736,1.432165088674198,0.4951507661869523,0.5795073997314714,0.4342904555454985,0.8309064854912127,0.5944259746980064,0.664948755657877,0.5425804545823231,0.47018741839787154,1.0,0.0
C0017783,1.2309038847351914,0.6745411688371767,0.273567902129228,0.3059454404478606,0.3956019308560082,1.6475903191963668,0.8041323463582315,0.12689801233656364,0.5764174386042142,1.0,0.0
C0017814,1.3220542304897343,0.5112778624301841,0.3497503401206858,0.5287184319819506,0.4477712162798714,1.1420084832873874,0.282232897992214,0.6541207966842069,0.6231745010194,1.0,0.0
C0017891,1.3582530898092566,0.1704940848852657,0.707289647268235,0.7720663851601228,0.4187406029992288,0.5412474697814248,0.8060659545044067,0.326626950635521,0.29583973135928804,1.0,0.0
C0017969,1.552377214952263,0.6158495217097878,0.4510328849093974,0.27580021584110354,0.6399027086763256,0.6127456912013756,0.47844262644248914,0.3008837309792448,0.2839552497340428,1.0,0.0
C0018018,1.2087379141634838,0.10108308278897782,0.639961623392017,0.8516556344509538,0.42423174131185354,0.7441267341133426,0.4124358625922041,0.6294052225429189,0.4665298544800017,1.0,0.0
C0018107,0.8406905005052571,0.13418596781734113,0.7534114385642721,0.30374726805020097,0.13289592452678034,0.958665974560261,0.640982850405684,0.19342346669920044,1.1639203151695887,1.0,0.0
C0018143,1.263942782910243,0.037760287364169344,0.6133880526177198,0.5167889863580468,0.4421405581130775,0.9236244274577481,0.3035044978838648,0.3488695864937789,0.46237701809124293,1.0,0.0
C0018318,1.70304730910044,0.2237201008496818,0.7425270626563355,0.6146345104802923,0.6476269157507701,1.6856807263095657,0.4898424696048822,0.6209971232224053,0.5762683736577306,1.0,0.0
C0018341,1.4514858618763944,0.0863657157805941,0.8501114581220315,0.716928331104683,0.44358019189509873,1.3749820578814298,0.6231133224565659,0.33963934260916734,0.5717553891065122,1.0,0.0
C0018616,1.0268230249956993,0.5903570416768017,0.5333910535946639,0.2333666497537221,0.8265177047382097,0.7716276863917353,0.5754953750125406,0.6936893075641056,0.47631189267319524,1.0,0.0
C0018628,1.534414728466138,0.6139501315610001,0.4068748603507749,0.7441221418602406,0.12661415188199585,0.5424491179755082,0.4815363919625832,0.15029268311349175,0.3343767682480982,1.0,0.0
C0018650,1.5473876029036346,0.6539302678684816,0.33808333036125615,0.7503292111194234,0.3897933082823011,1.4586959882367405,0.39191575582955757,0.13196459724618487,0.4227208037102161,1.0,0.0
C0018772,1.1505603109685065,0.231987990421929,0.3523074123105298,0.29794162292862814,0.7552785642232802,1.2802393659758378,0.685829075945467,0.3556270538870073,0.5126540168363852,1.0,0.0
C0018852,1.6776682278785406,0.6543038116471103,0.16488601138441317,0.27339221423425186,0.6025305393547138,0.5910124119553863,0.17479451731378934,0.4728161754115161,0.41571242638231365,1.0,0.0
C0018893,1.0272711651066606,0.43601709048504667,0.5550029453587667,0.21927308785071023,0.4338317696677652,1.3543844716391802,0.5293164310637171,0.5093629666160429,1.2858226128456531,1.0,0.0
C0018895,1.32495770811229,0.38983084054914335,0.709133360527704,0.6701364100984403,0.4479784876270559,0.5119799371897317,0.418223674874586,0.10957599095318524,1.0092666084856676,1.0,0.0
C0018940,1.229313825610026,0.048745655637360615,0.8466566324684699,0.1775999181403952,0.7965562973688807,1.0811502581178585,0.5964656428378884,0.5627548460773022,0.7546901448288357,1.0,0.0
C0019086,1.0546190983042623,0.20843302994564045,0.1555387488784964,0.2870424426210732,0.14931488196656437,0.8476011995033528,0.7125241273907812,0.26122250450995194,0.6906693962030284,0.5,0.5068997648337779
C0019279,1.0726797639517511,0.23191282872812502,0.6756809867532736,0.5275739542879065,0.37179817163090517,0.9041903709790717,0.7237999527903659,0.38739896634450977,1.1029429722413298,0.5294283144111508,0.7295095292506356
C0019293,1.373347322523265,0.23817912036489075,0.6308509854057454,0.5386885473670935,0.4111525723774098,0.2977046109399194,0.5515922431819397,0.6021759592897514,0.8229690302664242,1.0,0.0
C0019370,1.4486661471466515,0.20057119869773837,0.768938514681811,0.602187987331516,0.25582275759921624,0.7596188959049556,0.8822476981675841,0.17651616455622465,0.6468919441322755,1.0,0.0
C0019377,1.6249483621782128,0.8341406035606238,0.23436862570717698,0.5081238037643342,0.6330567109444786,0.7402113058098461,0.8987205545154393,0.2952797998827431,0.44162669179410624,1.0,0.0
C0019681,1.7618266527795616,0.1930051689136369,0.46671415817509143,0.6207607505170306,0.6691403638496581,1.1115412191127085,0.8063879921607718,0.35242024521322135,0.9478830990625879,1.0,0.0
C0019721,1.631582541746318,0.21557639815797036,0.6345703760684609,0.07987583425586008,0.7519729223974809,0.999550468391125,0.47992742301301444,0.6001603442925105,0.6620112411131874,1.0,0.0
C0019841,1.3521218787381202,0.846634172210564,0.4093527356617395,0.8540679240839684,0.42481076785329686,1.2397777074141902,0.49951206748366994,0.5862344562970125,0.7806260057780355,1.0,0.0
C0019904,1.1525524864074759,0.2937406092451124,0.4956922996653391,0.2673559779120901,0.30969826452593197,0.9323819959371193,0.7876145158604728,0.8657361326127763,0.49525577615378863,1.0,0.0
