branch_world_seed,bank_world_seed,year,branch_id,branch_name,branch_type,branch_size,base_annual_hazard,operating_pressure_state,local_shock_flag,local_shock_magnitude,financial_stress_factor,digitalization_factor,systemic_shock,systemic_shock_flag,annual_closure_probability,closure_draw,closed_this_year,closure_reason
20260901,1146763347,2021,001,Treinta y Tres,BRANCH,LARGE,1e-05,0.4059497267967321,False,0.0,-0.2554040117319202,0.1872051279833187,0.0,False,1e-05,0.10653878371936942,False,
20260901,1146763347,2021,002,Vergara,AGENCY,SMALL,0.010450000000000001,-0.1820960809904801,False,0.0,-0.2554040117319202,0.1872051279833187,0.0,False,0.008935530471844061,0.5501063922644994,False,
20260901,1146763347,2021,003,José Pedro Varela,BRANCH,MEDIUM,0.0012,0.7199491970260752,False,0.0,-0.2554040117319202,0.1872051279833187,0.0,False,0.0015179557001274927,0.3606042672216514,False,
20260901,1146763347,2021,004,La Charqueada,AGENCY,SMALL,0.01235,-0.12282212521324198,False,0.0,-0.2554040117319202,0.1872051279833187,0.0,False,0.010864940097910376,0.46335751639529266,False,
20260901,1146763347,2021,005,Melo,BRANCH,LARGE,1.4400000000000001e-05,0.19962245034464565,False,0.0,-0.2554040117319202,0.1872051279833187,0.0,False,1.4189671018665438e-05,0.5695348941771996,False,
20260901,1146763347,2021,006,Cerro Chato,AGENCY,SMALL,0.011875,1.0934910532809143,False,0.0,-0.2554040117319202,0.1872051279833187,0.0,False,0.018730453205052823,0.8848114998582378,False,
20260901,1146763347,2021,007,Santa Clara de Olimar,AGENCY,SMALL,0.016149999999999998,-0.4368329650001268,False,0.0,-0.2554040117319202,0.1872051279833187,0.0,False,0.012220072466512046,0.667886224695613,False,
20260901,1146763347,2021,008,Rocha,BRANCH,MEDIUM,0.00021599999999999996,-0.3754358577922493,False,0.0,-0.2554040117319202,0.1872051279833187,0.0,False,0.00016150506753131295,0.42499877047466417,False,
20260901,1146763347,2021,009,Chuy,AGENCY,SMALL,0.011399999999999999,1.0159132588340944,False,0.0,-0.2554040117319202,0.1872051279833187,0.0,False,0.017323974944354417,0.5871272086028213,False,
20260901,1146763347,2021,010,Río Branco,AGENCY,SMALL,0.010924999999999999,0.5765079334283936,False,0.0,-0.2554040117319202,0.1872051279833187,0.0,False,0.013445133330963983,0.25017953575784035,False,
20260901,1146763347,2021,011,Aceguá,AGENCY,SMALL,0.01235,-0.10855715533529643,False,0.0,-0.2554040117319202,0.1872051279833187,0.0,False,0.01093958963662298,0.6905936990374737,False,
20260901,1146763347,2021,012,Minas,BRANCH,MEDIUM,0.0012,-0.36843490603806084,False,0.0,-0.2554040117319202,0.1872051279833187,0.0,False,0.0009002706181921513,0.5002098060162915,False,
20260901,1146763347,2021,013,Maldonado,BRANCH,LARGE,1.296e-05,0.08078211759050233,False,0.0,-0.2554040117319202,0.1872051279833187,0.0,False,1.2062608138769298e-05,0.373529450544806,False,
20260901,1146763347,2021,014,Piriápolis,AGENCY,SMALL,0.014725,0.5997747488714341,False,0.0,-0.2554040117319202,0.1872051279833187,0.0,False,0.01832522024284568,0.7541971992729404,False,
20260901,1146763347,2021,015,Punta del Este,AGENCY,MEDIUM,0.0055,0.3200841435365511,False,0.0,-0.2554040117319202,0.1872051279833187,0.0,False,0.005984831222625293,0.3453324587003095,False,
20260901,1146763347,2021,016,La Paloma,AGENCY,SMALL,0.01235,-0.6630489027585511,False,0.0,-0.2554040117319202,0.1872051279833187,0.0,False,0.008383221326762318,0.5619347044691297,False,
20260901,1146763347,2021,017,Montevideo Centro,BRANCH,LARGE,7.2000000000000005e-06,0.34342283544834806,False,0.0,-0.2554040117319202,0.1872051279833187,0.0,False,7.6018475099674125e-06,0.7094932769339941,False,
20260901,1146763347,2021,018,Pando,AGENCY,SMALL,0.009975,0.29935262793132283,False,0.0,-0.2554040117319202,0.1872051279833187,0.0,False,0.010746830582808172,0.4043981319848704,False,
20260901,1146763347,2021,019,WTC,AGENCY,MEDIUM,0.0055,0.08786552725595989,False,0.0,-0.2554040117319202,0.1872051279833187,0.0,False,0.005353567722839497,0.3656088830279799,False,
20260901,1146763347,2021,020,Canelones,BRANCH,MEDIUM,0.00021599999999999996,0.02832813986583138,False,0.0,-0.2554040117319202,0.1872051279833187,0.0,False,0.00019604480674561954,0.026326016123214502,False,
20260901,1146763347,2021,021,Durazno,BRANCH,MEDIUM,0.00021599999999999996,0.12067013473599689,True,0.9610847185546877,-0.2554040117319202,0.1872051279833187,0.0,False,0.0004866979200173689,0.3937543928620716,False,
20260901,1146763347,2021,022,Rivera,BRANCH,MEDIUM,0.0012,-0.019583711083181354,False,0.0,-0.2554040117319202,0.1872051279833187,0.0,False,0.0010643759868555662,0.8043397347904366,False,
20260901,1146763347,2021,023,Las Piedras,AGENCY,MEDIUM,0.0055,-0.5889715148505417,False,0.0,-0.2554040117319202,0.1872051279833187,0.0,False,0.003868556432219271,0.3138840041999684,False,
20260901,1146763347,2021,024,Tacuarembó,BRANCH,MEDIUM,0.0012,-0.6039076418897456,False,0.0,-0.2554040117319202,0.1872051279833187,0.0,False,0.0008040556569123852,0.5433842210793682,False,
20260901,1146763347,2021,025,Prado,AGENCY,SMALL,0.009975,-0.06139097165950119,False,0.0,-0.2554040117319202,0.1872051279833187,0.0,False,0.009038144996025697,0.3994538685750272,False,
20260901,1146763347,2021,026,Carrasco,AGENCY,SMALL,0.0095,0.5654497728403545,False,0.0,-0.2554040117319202,0.1872051279833187,0.0,False,0.011629527604262963,0.05177904442045467,False,
20260901,1146763347,2021,027,Colonia del Sacramento,BRANCH,MEDIUM,0.0012,-0.7446667291928031,False,0.0,-0.2554040117319202,0.1872051279833187,0.0,False,0.0007515247403132319,0.7562719693126987,False,
20260901,1146763347,2021,028,Ciudad de la Costa,AGENCY,SMALL,0.009975,-0.7349795660234684,False,0.0,-0.2554040117319202,0.1872051279833187,0.0,False,0.006541270603623182,0.3637137685420191,False,
20260901,1146763347,2021,029,Florida,BRANCH,MEDIUM,0.0012,-0.8474417486070399,False,0.0,-0.2554040117319202,0.1872051279833187,0.0,False,0.0007496033199717312,0.5385535343616288,False,
20260901,1146763347,2021,030,San José de Mayo,BRANCH,MEDIUM,0.0012,0.37039704553852504,False,0.0,-0.2554040117319202,0.1872051279833187,0.0,False,0.0012834855497360197,0.7863731261345376,False,
20260901,1146763347,2021,031,Mercedes,BRANCH,MEDIUM,0.0012,-0.5901468502977397,False,0.0,-0.2554040117319202,0.1872051279833187,0.0,False,0.0008093841677411233,0.5539690048209706,False,
20260901,1146763347,2021,032,Salto,BRANCH,MEDIUM,0.0012,0.727688328340814,False,0.0,-0.2554040117319202,0.1872051279833187,0.0,False,0.001523605062785936,0.5738273563850734,False,
20260901,1146763347,2021,033,Trinidad,AGENCY,MEDIUM,0.0055,-0.832664460150916,False,0.0,-0.2554040117319202,0.1872051279833187,0.0,False,0.0035808054088622343,0.08567073523389512,False,
20260901,1146763347,2021,034,Paysandú,BRANCH,MEDIUM,0.0012,-0.05470970307249706,False,0.0,-0.2554040117319202,0.1872051279833187,0.0,False,0.0010465805423092317,0.027973928145415994,False,
20260901,1146763347,2021,035,Fray Bentos,BRANCH,MEDIUM,0.0012,0.2266714352578052,False,0.0,-0.2554040117319202,0.1872051279833187,0.0,False,0.0011979253311713966,0.4402392369828686,False,
20260901,1146763347,2021,036,Artigas,BRANCH,SMALL,0.002,0.444572272758852,False,0.0,-0.2554040117319202,0.1872051279833187,0.0,False,0.0022166769290013614,0.13436193607013502,False,
20260901,1146763347,2021,037,Colón,AGENCY,SMALL,0.010450000000000001,-0.5340323929267288,False,0.0,-0.2554040117319202,0.1872051279833187,0.0,False,0.007546667591532214,0.5883431246360621,False,
20260901,1146763347,2022,001,Treinta y Tres,BRANCH,LARGE,1e-05,0.013872346191461521,False,0.0,-0.0645186911540176,-0.2412139985004898,0.0,False,1e-05,0.2765537490126949,False,
20260901,1146763347,2022,002,Vergara,AGENCY,SMALL,0.010450000000000001,0.3319697606147983,False,0.0,-0.0645186911540176,-0.2412139985004898,0.0,False,0.011850828065748465,0.9452056228314405,False,
20260901,1146763347,2022,003,José Pedro Varela,BRANCH,MEDIUM,0.0012,-0.3798567260905147,False,0.0,-0.0645186911540176,-0.2412139985004898,0.0,False,0.000966997478453373,0.8734063155320009,False,
20260901,1146763347,2022,004,La Charqueada,AGENCY,SMALL,0.01235,0.0026281635158704186,False,0.0,-0.0645186911540176,-0.2412139985004898,0.0,False,0.011957609598035122,0.4416226770046555,False,
20260901,1146763347,2022,005,Melo,BRANCH,LARGE,1.4400000000000001e-05,0.7477043565648702,False,0.0,-0.0645186911540176,-0.2412139985004898,0.0,False,1.9936985575033735e-05,0.8652023494474324,False,
20260901,1146763347,2022,006,Cerro Chato,AGENCY,SMALL,0.011875,1.471304267658203,False,0.0,-0.0645186911540176,-0.2412139985004898,0.0,False,0.023268759781199435,0.9893741226630838,False,
20260901,1146763347,2022,007,Santa Clara de Olimar,AGENCY,SMALL,0.016149999999999998,0.2639623307348794,False,0.0,-0.0645186911540176,-0.2412139985004898,0.0,False,0.017726704812270642,0.5861072754453995,False,
20260901,1146763347,2022,008,Rocha,BRANCH,MEDIUM,0.00021599999999999996,-0.386934590179597,False,0.0,-0.0645186911540176,-0.2412139985004898,0.0,False,0.00017346920398694934,0.13125424878799163,False,
20260901,1146763347,2022,009,Chuy,AGENCY,SMALL,0.011399999999999999,0.41030718175570313,False,0.0,-0.0645186911540176,-0.2412139985004898,0.0,False,0.013423556122887722,0.986612043546279,False,
20260901,1146763347,2022,010,Río Branco,AGENCY,SMALL,0.010924999999999999,0.9238353533838448,False,0.0,-0.0645186911540176,-0.2412139985004898,0.0,False,0.016460194162595514,0.7665385783670988,False,
20260901,1146763347,2022,011,Aceguá,AGENCY,SMALL,0.01235,0.5533565615124153,False,0.0,-0.0645186911540176,-0.2412139985004898,0.0,False,0.015575785444101967,0.33482244448471965,False,
20260901,1146763347,2022,012,Minas,BRANCH,MEDIUM,0.0012,-0.8055769923139423,False,0.0,-0.0645186911540176,-0.2412139985004898,0.0,False,0.0008095893277958734,0.15961815609837682,False,
20260901,1146763347,2022,013,Maldonado,BRANCH,LARGE,1.296e-05,0.1712775830776097,False,0.0,-0.0645186911540176,-0.2412139985004898,0.0,False,1.3606276741757806e-05,0.6501131316393224,False,
20260901,1146763347,2022,014,Piriápolis,AGENCY,SMALL,0.014725,0.9710072143889799,True,1.6354109945775388,-0.0645186911540176,-0.2412139985004898,0.0,False,0.09888428895909332,0.15456931873112156,False,
20260901,1146763347,2022,015,Punta del Este,AGENCY,MEDIUM,0.0055,-0.4939737050242823,False,0.0,-0.0645186911540176,-0.2412139985004898,0.0,False,0.0041958292426080785,0.2291553105248123,False,
20260901,1146763347,2022,016,La Paloma,AGENCY,SMALL,0.01235,-1.041832832214014,False,0.0,-0.0645186911540176,-0.2412139985004898,0.0,False,0.008332023498565865,0.6971337526812186,False,
20260901,1146763347,2022,017,Montevideo Centro,BRANCH,LARGE,7.2000000000000005e-06,-0.43200796781173256,False,0.0,-0.0645186911540176,-0.2412139985004898,0.0,False,5.6585489046374716e-06,0.3853763943712888,False,
20260901,1146763347,2022,018,Pando,AGENCY,SMALL,0.009975,-0.4258418744864831,False,0.0,-0.0645186911540176,-0.2412139985004898,0.0,False,0.007862684940721761,0.11971575917883737,False,
20260901,1146763347,2022,019,WTC,AGENCY,MEDIUM,0.0055,-0.4128096893610954,False,0.0,-0.0645186911540176,-0.2412139985004898,0.0,False,0.00436251934518472,0.21680433876406657,False,
20260901,1146763347,2022,020,Canelones,BRANCH,MEDIUM,0.00021599999999999996,0.4109057173670996,False,0.0,-0.0645186911540176,-0.2412139985004898,0.0,False,0.0002544141453269027,0.4556375893568335,False,
20260901,1146763347,2022,021,Durazno,BRANCH,MEDIUM,0.00021599999999999996,0.4346384466814386,False,0.0,-0.0645186911540176,-0.2412139985004898,0.0,False,0.00025732892816778333,0.14868789332894117,False,
20260901,1146763347,2022,022,Rivera,BRANCH,MEDIUM,0.0012,-0.24139351766265776,False,0.0,-0.0645186911540176,-0.2412139985004898,0.0,False,0.0010334502369081899,0.9287490333074693,False,
20260901,1146763347,2022,023,Las Piedras,AGENCY,MEDIUM,0.0055,-0.37773083907143584,False,0.0,-0.0645186911540176,-0.2412139985004898,0.0,False,0.004436596684769858,0.4452203687872738,False,
20260901,1146763347,2022,024,Tacuarembó,BRANCH,MEDIUM,0.0012,-0.4262993729373456,False,0.0,-0.0645186911540176,-0.2412139985004898,0.0,False,0.00094567921690537,0.7710266501480415,False,
20260901,1146763347,2022,025,Prado,AGENCY,SMALL,0.009975,0.4456833349778654,False,0.0,-0.0645186911540176,-0.2412139985004898,0.0,False,0.011946761580044065,0.7187399250727627,False,
20260901,1146763347,2022,026,Carrasco,AGENCY,SMALL,0.0095,0.636992745254449,False,0.0,-0.0645186911540176,-0.2412139985004898,0.0,False,0.012472155466607437,0.7732401690582476,False,
20260901,1146763347,2022,027,Colonia del Sacramento,BRANCH,MEDIUM,0.0012,0.7402932522233356,False,0.0,-0.0645186911540176,-0.2412139985004898,0.0,False,0.0016555157611897735,0.37133946100702986,False,
20260901,1146763347,2022,028,Ciudad de la Costa,AGENCY,SMALL,0.009975,-0.9945128462206823,False,0.0,-0.0645186911540176,-0.2412139985004898,0.0,False,0.006729711287303199,0.11049506476828497,False,
20260901,1146763347,2022,029,Florida,BRANCH,MEDIUM,0.0012,-1.25791368744131,False,0.0,-0.0645186911540176,-0.2412139985004898,0.0,False,0.0008095893277958734,0.3796375613995421,False,
20260901,1146763347,2022,030,San José de Mayo,BRANCH,MEDIUM,0.0012,0.07254022315361555,False,0.0,-0.0645186911540176,-0.2412139985004898,0.0,False,0.0012015244727775608,0.5331708016871837,False,
20260901,1146763347,2022,031,Mercedes,BRANCH,MEDIUM,0.0012,0.1671146551990358,False,0.0,-0.0645186911540176,-0.2412139985004898,0.0,False,0.0012573255325928415,0.039791255818260596,False,
20260901,1146763347,2022,032,Salto,BRANCH,MEDIUM,0.0012,0.4502365710300227,False,0.0,-0.0645186911540176,-0.2412139985004898,0.0,False,0.0014403489224429202,0.935435287536042,False,
20260901,1146763347,2022,033,Trinidad,AGENCY,MEDIUM,0.0055,-0.7120585350485275,False,0.0,-0.0645186911540176,-0.2412139985004898,0.0,False,0.003778814272940751,0.9154671843885521,False,
20260901,1146763347,2022,034,Paysandú,BRANCH,MEDIUM,0.0012,-0.1575178594057783,False,0.0,-0.0645186911540176,-0.2412139985004898,0.0,False,0.0010759061802685535,0.2142488494995981,False,
20260901,1146763347,2022,035,Fray Bentos,BRANCH,MEDIUM,0.0012,0.9634368596982623,False,0.0,-0.0645186911540176,-0.2412139985004898,0.0,False,0.0018426809146843501,0.9248486182510883,False,
20260901,1146763347,2022,036,Artigas,BRANCH,SMALL,0.002,0.18587156724667464,False,0.0,-0.0645186911540176,-0.2412139985004898,0.0,False,0.0021144945773883097,0.7605388543086825,False,
20260901,1146763347,2022,037,Colón,AGENCY,SMALL,0.010450000000000001,0.39104760115847254,False,0.0,-0.0645186911540176,-0.2412139985004898,0.0,False,0.012191696528102543,0.8256498173090236,False,
20260901,1146763347,2023,001,Treinta y Tres,BRANCH,LARGE,1e-05,0.3366053530857083,False,0.0,-0.2430211402596077,0.3223435434429262,0.0,False,1e-05,0.274315131969177,False,
20260901,1146763347,2023,002,Vergara,AGENCY,SMALL,0.010450000000000001,0.5333064852446926,False,0.0,-0.2430211402596077,0.3223435434429262,0.0,False,0.013274101791264686,0.9913570867489921,False,
20260901,1146763347,2023,003,José Pedro Varela,BRANCH,MEDIUM,0.0012,0.1879244797036173,False,0.0,-0.2430211402596077,0.3223435434429262,0.0,False,0.001202632850866388,0.6386995731054693,False,
20260901,1146763347,2023,004,La Charqueada,AGENCY,SMALL,0.01235,0.02439011699507073,False,0.0,-0.2430211402596077,0.3223435434429262,0.0,False,0.012287581658006799,0.4416013941339091,False,
20260901,1146763347,2023,005,Melo,BRANCH,LARGE,1.4400000000000001e-05,0.4271465531136897,False,0.0,-0.2430211402596077,0.3223435434429262,0.0,False,1.6187614953535274e-05,0.9986684646585954,False,
20260901,1146763347,2023,006,Cerro Chato,AGENCY,SMALL,0.011875,1.9062841187597195,False,0.0,-0.2430211402596077,0.3223435434429262,0.0,False,0.029156490269288658,0.8670683677888917,False,
20260901,1146763347,2023,007,Santa Clara de Olimar,AGENCY,SMALL,0.016149999999999998,0.02314097870011983,False,0.0,-0.2430211402596077,0.3223435434429262,0.0,False,0.016058744522628517,0.8067693877382386,False,
20260901,1146763347,2023,008,Rocha,BRANCH,MEDIUM,0.00021599999999999996,-0.005837047253429206,False,0.0,-0.2430211402596077,0.3223435434429262,0.0,False,0.00019724853128418656,0.48196506637313064,False,
20260901,1146763347,2023,009,Chuy,AGENCY,SMALL,0.011399999999999999,0.07747567580291745,False,0.0,-0.2430211402596077,0.3223435434429262,0.0,False,0.011635112800326593,0.29495552243002376,False,
20260901,1146763347,2023,010,Río Branco,AGENCY,SMALL,0.010924999999999999,0.8923224076078471,True,1.037382466104537,-0.2430211402596077,0.3223435434429262,0.0,False,0.04193993719444946,0.11682988597218458,False,
20260901,1146763347,2023,011,Aceguá,AGENCY,SMALL,0.01235,0.22048795447007058,False,0.0,-0.2430211402596077,0.3223435434429262,0.0,False,0.01350035650745351,0.26103950624107475,False,
20260901,1146763347,2023,012,Minas,BRANCH,MEDIUM,0.0012,-0.6279552607030262,False,0.0,-0.2430211402596077,0.3223435434429262,0.0,False,0.00081293097095884,0.8867232549631398,False,
20260901,1146763347,2023,013,Maldonado,BRANCH,LARGE,1.296e-05,-0.2716541494944271,False,0.0,-0.2430211402596077,0.3223435434429262,0.0,False,1.0417234394504042e-05,0.8287551249784161,False,
20260901,1146763347,2023,014,Piriápolis,AGENCY,SMALL,0.014725,1.0634939333119133,False,0.0,-0.2430211402596077,0.3223435434429262,0.0,False,0.024125023694088907,0.7241487365060217,False,
20260901,1146763347,2023,015,Punta del Este,AGENCY,MEDIUM,0.0055,-0.31219114286491223,False,0.0,-0.2430211402596077,0.3223435434429262,0.0,False,0.004655839115024361,0.42231603122179195,False,
20260901,1146763347,2023,016,La Paloma,AGENCY,SMALL,0.01235,-0.9681036170840405,False,0.0,-0.2430211402596077,0.3223435434429262,0.0,False,0.0084729765950073,0.4759245362483484,False,
20260901,1146763347,2023,017,Montevideo Centro,BRANCH,LARGE,7.2000000000000005e-06,-1.0439449033108605,False,0.0,-0.2430211402596077,0.3223435434429262,0.0,False,4.600058012169496e-06,0.12138232505611934,False,
20260901,1146763347,2023,018,Pando,AGENCY,SMALL,0.009975,-0.378283067763871,False,0.0,-0.2430211402596077,0.3223435434429262,0.0,False,0.008180325173489355,0.09755598772399887,False,
20260901,1146763347,2023,019,WTC,AGENCY,MEDIUM,0.0055,0.2409294994008256,False,0.0,-0.2430211402596077,0.3223435434429262,0.0,False,0.006071587261892816,0.8346146070695528,False,
20260901,1146763347,2023,020,Canelones,BRANCH,MEDIUM,0.00021599999999999996,0.18827311593275098,False,0.0,-0.2430211402596077,0.3223435434429262,0.0,False,0.00021651014209865703,0.048333572940377434,False,
20260901,1146763347,2023,021,Durazno,BRANCH,MEDIUM,0.00021599999999999996,-0.07715986202242853,False,0.0,-0.2430211402596077,0.3223435434429262,0.0,False,0.00019061002037756912,0.40557229114114424,False,
20260901,1146763347,2023,022,Rivera,BRANCH,MEDIUM,0.0012,-0.425480215750402,False,0.0,-0.2430211402596077,0.3223435434429262,0.0,False,0.0008959048569980129,0.5719359069951426,False,
20260901,1146763347,2023,023,Las Piedras,AGENCY,MEDIUM,0.0055,0.04047490787899327,False,0.0,-0.2430211402596077,0.3223435434429262,0.0,False,0.005514615105866456,0.46093950469066225,False,
20260901,1146763347,2023,024,Tacuarembó,BRANCH,MEDIUM,0.0012,0.08615040896318304,False,0.0,-0.2430211402596077,0.3223435434429262,0.0,False,0.0011452943083420984,0.19539396349735716,False,
20260901,1146763347,2023,025,Prado,AGENCY,SMALL,0.009975,-0.12682716691438722,False,0.0,-0.2430211402596077,0.3223435434429262,0.0,False,0.009229738665275378,0.8819323659788222,False,
20260901,1146763347,2023,026,Carrasco,AGENCY,SMALL,0.0095,0.29819022814416485,False,0.0,-0.2430211402596077,0.3223435434429262,0.0,False,0.0107795295114588,0.010500454466237374,True,STRATEGIC_CONSOLIDATION
20260901,1146763347,2023,027,Colonia del Sacramento,BRANCH,MEDIUM,0.0012,1.106132270168802,False,0.0,-0.2430211402596077,0.3223435434429262,0.0,False,0.0018687185623819176,0.28194508562962606,False,
20260901,1146763347,2023,028,Ciudad de la Costa,AGENCY,SMALL,0.009975,-0.08719924772901899,False,0.0,-0.2430211402596077,0.3223435434429262,0.0,False,0.009406981587807757,0.8087749732389999,False,
20260901,1146763347,2023,029,Florida,BRANCH,MEDIUM,0.0012,-1.1876952394487865,False,0.0,-0.2430211402596077,0.3223435434429262,0.0,False,0.0007666763353615826,0.030735256534074162,False,
20260901,1146763347,2023,030,San José de Mayo,BRANCH,MEDIUM,0.0012,-0.2347505394332945,False,0.0,-0.2430211402596077,0.3223435434429262,0.0,False,0.0009817969014037085,0.061366966462315986,False,
20260901,1146763347,2023,031,Mercedes,BRANCH,MEDIUM,0.0012,-0.4570652354394529,False,0.0,-0.2430211402596077,0.3223435434429262,0.0,False,0.0008824246577423613,0.674459714456149,False,
20260901,1146763347,2023,032,Salto,BRANCH,MEDIUM,0.0012,-0.20068225023994668,False,0.0,-0.2430211402596077,0.3223435434429262,0.0,False,0.0009979840002762505,0.6519924727293676,False,
20260901,1146763347,2023,033,Trinidad,AGENCY,MEDIUM,0.0055,-0.6888008914385169,False,0.0,-0.2430211402596077,0.3223435434429262,0.0,False,0.0038858800224892747,0.19119023763103105,False,
20260901,1146763347,2023,034,Paysandú,BRANCH,MEDIUM,0.0012,-0.8964966866590603,False,0.0,-0.2430211402596077,0.3223435434429262,0.0,False,0.0007666763353615826,0.12561382143954158,False,
20260901,1146763347,2023,035,Fray Bentos,BRANCH,MEDIUM,0.0012,-0.5186608315984131,False,0.0,-0.2430211402596077,0.3223435434429262,0.0,False,0.0008567168997509199,0.16396078120809066,False,
20260901,1146763347,2023,036,Artigas,BRANCH,SMALL,0.002,-0.4295952581231159,False,0.0,-0.2430211402596077,0.3223435434429262,0.0,False,0.0014902283233949388,0.03558720131849491,False,
20260901,1146763347,2023,037,Colón,AGENCY,SMALL,0.010450000000000001,1.0677997533341037,False,0.0,-0.2430211402596077,0.3223435434429262,0.0,False,0.017156406691096932,0.2847475203928377,False,
20260901,1146763347,2024,001,Treinta y Tres,BRANCH,LARGE,1e-05,-0.1210672253045745,False,0.0,-0.1593160240954124,0.1123584148833117,0.4471919959592891,True,1e-05,0.19279104208735887,False,
20260901,1146763347,2024,002,Vergara,AGENCY,SMALL,0.010450000000000001,-0.3043919182510009,False,0.0,-0.1593160240954124,0.1123584148833117,0.4471919959592891,True,0.009527988501989042,0.04571289018412206,False,
20260901,1146763347,2024,003,José Pedro Varela,BRANCH,MEDIUM,0.0012,0.12310730893240837,False,0.0,-0.1593160240954124,0.1123584148833117,0.4471919959592891,True,0.0013103858332339216,0.08072590254928957,False,
20260901,1146763347,2024,004,La Charqueada,AGENCY,SMALL,0.01235,0.3326760858939328,False,0.0,-0.1593160240954124,0.1123584148833117,0.4471919959592891,True,0.015288185673992337,0.5375553844983616,False,
20260901,1146763347,2024,005,Melo,BRANCH,LARGE,1.4400000000000001e-05,-0.7216184795505862,False,0.0,-0.1593160240954124,0.1123584148833117,0.4471919959592891,True,1.0483052382421622e-05,0.08800807390749055,False,
20260901,1146763347,2024,006,Cerro Chato,AGENCY,SMALL,0.011875,1.5886871990562692,False,0.0,-0.1593160240954124,0.1123584148833117,0.4471919959592891,True,0.026862868318045848,0.37181051379089924,False,
20260901,1146763347,2024,007,Santa Clara de Olimar,AGENCY,SMALL,0.016149999999999998,-0.862048507161965,False,0.0,-0.1593160240954124,0.1123584148833117,0.4471919959592891,True,0.011889549456102284,0.2748263283701552,False,
20260901,1146763347,2024,008,Rocha,BRANCH,MEDIUM,0.00021599999999999996,-0.6836714301374318,False,0.0,-0.1593160240954124,0.1123584148833117,0.4471919959592891,True,0.00016013619616389149,0.0731911165892356,False,
20260901,1146763347,2024,009,Chuy,AGENCY,SMALL,0.011399999999999999,0.3198476728168257,False,0.0,-0.1593160240954124,0.1123584148833117,0.4471919959592891,True,0.014025540738485841,0.22992413166611392,False,
20260901,1146763347,2024,010,Río Branco,AGENCY,SMALL,0.010924999999999999,0.07191347354696881,False,0.0,-0.1593160240954124,0.1123584148833117,0.4471919959592891,True,0.0119330513661677,0.4543837148632458,False,
20260901,1146763347,2024,011,Aceguá,AGENCY,SMALL,0.01235,0.09757976941033279,False,0.0,-0.1593160240954124,0.1123584148833117,0.4471919959592891,True,0.013656752938042164,0.3563834577078513,False,
20260901,1146763347,2024,012,Minas,BRANCH,MEDIUM,0.0012,-0.21236018569258117,False,0.0,-0.1593160240954124,0.1123584148833117,0.4471919959592891,True,0.0011154938544191144,0.05721637534804502,False,
20260901,1146763347,2024,013,Maldonado,BRANCH,LARGE,1.296e-05,-0.15755207362394796,False,0.0,-0.1593160240954124,0.1123584148833117,0.4471919959592891,True,1.2368479413899412e-05,0.28319978939906276,False,
20260901,1146763347,2024,014,Piriápolis,AGENCY,SMALL,0.014725,-0.041814910982110765,False,0.0,-0.1593160240954124,0.1123584148833117,0.4471919959592891,True,0.015229210695257865,0.5091787976911302,False,
20260901,1146763347,2024,015,Punta del Este,AGENCY,MEDIUM,0.0055,-0.7547284372140891,False,0.0,-0.1593160240954124,0.1123584148833117,0.4471919959592891,True,0.004049072570189632,0.044313145244359475,False,
20260901,1146763347,2024,016,La Paloma,AGENCY,SMALL,0.01235,0.001067843734322671,False,0.0,-0.1593160240954124,0.1123584148833117,0.4471919959592891,True,0.013038524466782437,0.8040064692466113,False,
20260901,1146763347,2024,017,Montevideo Centro,BRANCH,LARGE,7.2000000000000005e-06,-0.4852487166144439,False,0.0,-0.1593160240954124,0.1123584148833117,0.4471919959592891,True,5.871265509752577e-06,0.20542969566465585,False,
20260901,1146763347,2024,018,Pando,AGENCY,SMALL,0.009975,-0.36037577794377773,False,0.0,-0.1593160240954124,0.1123584148833117,0.4471919959592891,True,0.00885375229240416,0.4169874532966307,False,
20260901,1146763347,2024,019,WTC,AGENCY,MEDIUM,0.0055,-0.6073746911510298,False,0.0,-0.1593160240954124,0.1123584148833117,0.4471919959592891,True,0.004335981545981389,0.8907651633861645,False,
20260901,1146763347,2024,020,Canelones,BRANCH,MEDIUM,0.00021599999999999996,-0.44757471714784525,False,0.0,-0.1593160240954124,0.1123584148833117,0.4471919959592891,True,0.00017935213381630672,0.9680511947680024,False,
20260901,1146763347,2024,021,Durazno,BRANCH,MEDIUM,0.00021599999999999996,0.1282047461023762,False,0.0,-0.1593160240954124,0.1123584148833117,0.4471919959592891,True,0.00023644727485283578,0.7610349548879427,False,
20260901,1146763347,2024,022,Rivera,BRANCH,MEDIUM,0.0012,0.0980220824343715,False,0.0,-0.1593160240954124,0.1123584148833117,0.4471919959592891,True,0.0012947022090611434,0.319207154902029,False,
20260901,1146763347,2024,023,Las Piedras,AGENCY,MEDIUM,0.0055,-1.1479866367268108,False,0.0,-0.1593160240954124,0.1123584148833117,0.4471919959592891,True,0.004049072570189632,0.23155182007612007,False,
20260901,1146763347,2024,024,Tacuarembó,BRANCH,MEDIUM,0.0012,0.020749818420712177,False,0.0,-0.1593160240954124,0.1123584148833117,0.4471919959592891,True,0.0012475604789497323,0.09128785984637455,False,
20260901,1146763347,2024,025,Prado,AGENCY,SMALL,0.009975,-0.1974980207668561,False,0.0,-0.1593160240954124,0.1123584148833117,0.4471919959592891,True,0.009573728001538396,0.5403146095807132,False,
20260901,1146763347,2024,027,Colonia del Sacramento,BRANCH,MEDIUM,0.0012,0.38963060784722453,False,0.0,-0.1593160240954124,0.1123584148833117,0.4471919959592891,True,0.0014892204669559898,0.6055271838266474,False,
20260901,1146763347,2024,028,Ciudad de la Costa,AGENCY,SMALL,0.009975,0.5240820849725897,False,0.0,-0.1593160240954124,0.1123584148833117,0.4471919959592891,True,0.013536383457850482,0.7310417198842578,False,
20260901,1146763347,2024,029,Florida,BRANCH,MEDIUM,0.0012,-0.3119863719039861,False,0.0,-0.1593160240954124,0.1123584148833117,0.4471919959592891,True,0.0010634056723443721,0.036022534333693734,False,
20260901,1146763347,2024,030,San José de Mayo,BRANCH,MEDIUM,0.0012,-1.2948695940941666,False,0.0,-0.1593160240954124,0.1123584148833117,0.4471919959592891,True,0.0008617673974704203,0.37005998826597497,False,
20260901,1146763347,2024,031,Mercedes,BRANCH,MEDIUM,0.0012,-0.6087886947972116,False,0.0,-0.1593160240954124,0.1123584148833117,0.4471919959592891,True,0.0009222043347682837,0.8018264457796529,False,
20260901,1146763347,2024,032,Salto,BRANCH,MEDIUM,0.0012,-0.04868535327565378,False,0.0,-0.1593160240954124,0.1123584148833117,0.4471919959592891,True,0.001206665952325779,0.3080321946925899,False,
20260901,1146763347,2024,033,Trinidad,AGENCY,MEDIUM,0.0055,-1.1716876639681555,False,0.0,-0.1593160240954124,0.1123584148833117,0.4471919959592891,True,0.004049072570189632,0.2775486373173336,False,
20260901,1146763347,2024,034,Paysandú,BRANCH,MEDIUM,0.0012,-0.6566570957806007,False,0.0,-0.1593160240954124,0.1123584148833117,0.4471919959592891,True,0.0009012565783872606,0.23016534749166362,False,
20260901,1146763347,2024,035,Fray Bentos,BRANCH,MEDIUM,0.0012,-0.3590168505754407,False,0.0,-0.1593160240954124,0.1123584148833117,0.4471919959592891,True,0.0010396686186559005,0.5634378837160257,False,
20260901,1146763347,2024,036,Artigas,BRANCH,SMALL,0.002,0.15517836037944294,False,0.0,-0.1593160240954124,0.1123584148833117,0.4471919959592891,True,0.002217856860591352,0.13382539178740882,False,
20260901,1146763347,2024,037,Colón,AGENCY,SMALL,0.010450000000000001,0.21989737185891373,False,0.0,-0.1593160240954124,0.1123584148833117,0.4471919959592891,True,0.012254491030575796,0.4048073325179603,False,
20260901,1146763347,2025,001,Treinta y Tres,BRANCH,LARGE,1e-05,-0.5858397078977933,False,0.0,-0.3942974681844736,-0.2167531213280713,0.7709641363485948,True,1e-05,0.06761449398193331,False,
20260901,1146763347,2025,002,Vergara,AGENCY,SMALL,0.010450000000000001,0.3894545483486014,True,1.015206222164892,-0.3942974681844736,-0.2167531213280713,0.7709641363485948,True,0.030319867421030832,0.8016922200048169,False,
20260901,1146763347,2025,003,José Pedro Varela,BRANCH,MEDIUM,0.0012,0.2239916922878927,False,0.0,-0.3942974681844736,-0.2167531213280713,0.7709641363485948,True,0.0012897069159634718,0.37024171511285786,False,
20260901,1146763347,2025,004,La Charqueada,AGENCY,SMALL,0.01235,0.7014279152939921,False,0.0,-0.3942974681844736,-0.2167531213280713,0.7709641363485948,True,0.016691821834324605,0.4373003198209976,False,
20260901,1146763347,2025,005,Melo,BRANCH,LARGE,1.4400000000000001e-05,-1.034172975242889,False,0.0,-0.3942974681844736,-0.2167531213280713,0.7709641363485948,True,9.696894049220431e-06,0.9842972218191811,False,
20260901,1146763347,2025,006,Cerro Chato,AGENCY,SMALL,0.011875,1.4520167490822953,False,0.0,-0.3942974681844736,-0.2167531213280713,0.7709641363485948,True,0.02301119452551958,0.07655613605605194,False,
20260901,1146763347,2025,007,Santa Clara de Olimar,AGENCY,SMALL,0.016149999999999998,-0.09899868438121795,False,0.0,-0.3942974681844736,-0.2167531213280713,0.7709641363485948,True,0.01486453400823032,0.17995976340787145,False,
20260901,1146763347,2025,008,Rocha,BRANCH,MEDIUM,0.00021599999999999996,-0.15657200354189071,False,0.0,-0.3942974681844736,-0.2167531213280713,0.7709641363485948,True,0.00019338852969054667,0.3937700712132297,False,
20260901,1146763347,2025,009,Chuy,AGENCY,SMALL,0.011399999999999999,0.9551587340142809,False,0.0,-0.3942974681844736,-0.2167531213280713,0.7709641363485948,True,0.017403424100893766,0.6587467832562796,False,
20260901,1146763347,2025,010,Río Branco,AGENCY,SMALL,0.010924999999999999,0.21573452442313085,False,0.0,-0.3942974681844736,-0.2167531213280713,0.7709641363485948,True,0.011695261259971846,0.24178457519723506,False,
20260901,1146763347,2025,011,Aceguá,AGENCY,SMALL,0.01235,-0.5700961094082448,False,0.0,-0.3942974681844736,-0.2167531213280713,0.7709641363485948,True,0.009066509565043322,0.6555685657223966,False,
20260901,1146763347,2025,012,Minas,BRANCH,MEDIUM,0.0012,0.2699776561297323,False,0.0,-0.3942974681844736,-0.2167531213280713,0.7709641363485948,True,0.0013184914712652234,0.8857338103009725,False,
20260901,1146763347,2025,013,Maldonado,BRANCH,LARGE,1.296e-05,0.35260374804618777,False,0.0,-0.3942974681844736,-0.2167531213280713,0.7709641363485948,True,1.4815810928648328e-05,0.9964358466181483,False,
20260901,1146763347,2025,014,Piriápolis,AGENCY,SMALL,0.014725,-0.9262596978847211,False,0.0,-0.3942974681844736,-0.2167531213280713,0.7709641363485948,True,0.009915747560747975,0.9691608716120527,False,
20260901,1146763347,2025,015,Punta del Este,AGENCY,MEDIUM,0.0055,-0.45771211345475704,False,0.0,-0.3942974681844736,-0.2167531213280713,0.7709641363485948,True,0.004261510625384601,0.716900060224139,False,
20260901,1146763347,2025,016,La Paloma,AGENCY,SMALL,0.01235,-0.3342928951769808,False,0.0,-0.3942974681844736,-0.2167531213280713,0.7709641363485948,True,0.010153037277932018,0.8527682535670724,False,
20260901,1146763347,2025,017,Montevideo Centro,BRANCH,LARGE,7.2000000000000005e-06,-1.2884714094219596,False,0.0,-0.3942974681844736,-0.2167531213280713,0.7709641363485948,True,4.848447024610216e-06,0.5590794136777606,False,
20260901,1146763347,2025,018,Pando,AGENCY,SMALL,0.009975,0.42143667246960925,False,0.0,-0.3942974681844736,-0.2167531213280713,0.7709641363485948,True,0.01178643144251628,0.034419906868463745,False,
20260901,1146763347,2025,019,WTC,AGENCY,MEDIUM,0.0055,0.17275067859978482,False,0.0,-0.3942974681844736,-0.2167531213280713,0.7709641363485948,True,0.005767541142269527,0.24672164930659868,False,
20260901,1146763347,2025,020,Canelones,BRANCH,MEDIUM,0.00021599999999999996,-0.08969216802523045,False,0.0,-0.3942974681844736,-0.2167531213280713,0.7709641363485948,True,0.00019969747444023478,0.6086437444166434,False,
20260901,1146763347,2025,021,Durazno,BRANCH,MEDIUM,0.00021599999999999996,-0.43527564991927736,False,0.0,-0.3942974681844736,-0.2167531213280713,0.7709641363485948,True,0.00016917328121532718,0.43477633538433935,False,
20260901,1146763347,2025,022,Rivera,BRANCH,MEDIUM,0.0012,-0.09009103813988162,False,0.0,-0.3942974681844736,-0.2167531213280713,0.7709641363485948,True,0.0011092180249438202,0.27970851493221893,False,
20260901,1146763347,2025,023,Las Piedras,AGENCY,MEDIUM,0.0055,-0.6045441362914696,False,0.0,-0.3942974681844736,-0.2167531213280713,0.7709641363485948,True,0.003971501891499744,0.8585552092210308,False,
20260901,1146763347,2025,024,Tacuarembó,BRANCH,MEDIUM,0.0012,0.6242613128726925,False,0.0,-0.3942974681844736,-0.2167531213280713,0.7709641363485948,True,0.001562902099988246,0.14218298177820066,False,
20260901,1146763347,2025,025,Prado,AGENCY,SMALL,0.009975,0.3931104416892188,False,0.0,-0.3942974681844736,-0.2167531213280713,0.7709641363485948,True,0.01162726069934308,0.4188311883213366,False,
20260901,1146763347,2025,027,Colonia del Sacramento,BRANCH,MEDIUM,0.0012,1.3471556825603312,False,0.0,-0.3942974681844736,-0.2167531213280713,0.7709641363485948,True,0.00221119636561378,0.5837683954924208,False,
20260901,1146763347,2025,028,Ciudad de la Costa,AGENCY,SMALL,0.009975,-0.5708458782898016,False,0.0,-0.3942974681844736,-0.2167531213280713,0.7709641363485948,True,0.0073203150578551235,0.20014915697299418,False,
20260901,1146763347,2025,029,Florida,BRANCH,MEDIUM,0.0012,-0.757855388765569,False,0.0,-0.3942974681844736,-0.2167531213280713,0.7709641363485948,True,0.0008080745041017024,0.5438248674606359,False,
20260901,1146763347,2025,030,San José de Mayo,BRANCH,MEDIUM,0.0012,-1.28410097303501,False,0.0,-0.3942974681844736,-0.2167531213280713,0.7709641363485948,True,0.0008080745041017024,0.47873619171618276,False,
20260901,1146763347,2025,031,Mercedes,BRANCH,MEDIUM,0.0012,-0.1980340310280473,False,0.0,-0.3942974681844736,-0.2167531213280713,0.7709641363485948,True,0.0010532100052381887,0.10967185590749218,False,
20260901,1146763347,2025,032,Salto,BRANCH,MEDIUM,0.0012,-0.24461111004407035,False,0.0,-0.3942974681844736,-0.2167531213280713,0.7709641363485948,True,0.0010299246564759697,0.6856464362777102,False,
20260901,1146763347,2025,033,Trinidad,AGENCY,MEDIUM,0.0055,-1.098869382603016,False,0.0,-0.3942974681844736,-0.2167531213280713,0.7709641363485948,True,0.003703674810466136,0.4479172961186676,False,
20260901,1146763347,2025,034,Paysandú,BRANCH,MEDIUM,0.0012,-0.7643148563020741,False,0.0,-0.3942974681844736,-0.2167531213280713,0.7709641363485948,True,0.0008080745041017024,0.9998620784023062,False,
20260901,1146763347,2025,035,Fray Bentos,BRANCH,MEDIUM,0.0012,-0.0633493722168659,False,0.0,-0.3942974681844736,-0.2167531213280713,0.7709641363485948,True,0.0011235477183360978,0.14393000698999991,False,
20260901,1146763347,2025,036,Artigas,BRANCH,SMALL,0.002,0.4019135275248619,False,0.0,-0.3942974681844736,-0.2167531213280713,0.7709641363485948,True,0.0023411519634649177,0.9910485845751527,False,
20260901,1146763347,2025,037,Colón,AGENCY,SMALL,0.010450000000000001,-0.30885328278098784,False,0.0,-0.3942974681844736,-0.2167531213280713,0.7709641363485948,True,0.008696579863375544,0.14093995552965743,False,
20260901,1146763347,2026,001,Treinta y Tres,BRANCH,LARGE,1e-05,-0.35381169869874496,False,0.0,-0.0694602548721876,0.3040605505294182,0.0,False,1e-05,0.6199799689918223,False,
20260901,1146763347,2026,002,Vergara,AGENCY,SMALL,0.010450000000000001,0.17939297760929937,False,0.0,-0.0694602548721876,0.3040605505294182,0.0,False,0.012182151178284492,0.7747785582519138,False,
20260901,1146763347,2026,003,José Pedro Varela,BRANCH,MEDIUM,0.0012,-0.20517382688669822,False,0.0,-0.0694602548721876,0.3040605505294182,0.0,False,0.0010875223036434325,0.5103021364232376,False,
20260901,1146763347,2026,004,La Charqueada,AGENCY,SMALL,0.01235,0.778039419856323,False,0.0,-0.0694602548721876,0.3040605505294182,0.0,False,0.019189749173598978,0.6999720257789734,False,
20260901,1146763347,2026,005,Melo,BRANCH,LARGE,1.4400000000000001e-05,-1.4177263864009242,False,0.0,-0.0694602548721876,0.3040605505294182,0.0,False,1.0047180818302324e-05,0.007888960230727493,False,
20260901,1146763347,2026,006,Cerro Chato,AGENCY,SMALL,0.011875,-0.03614036942498433,False,0.0,-0.0694602548721876,0.3040605505294182,0.0,False,0.012482769173666686,0.25977494965151593,False,
20260901,1146763347,2026,007,Santa Clara de Olimar,AGENCY,SMALL,0.016149999999999998,-0.5110903725020405,False,0.0,-0.0694602548721876,0.3040605505294182,0.0,False,0.013515780456828101,0.0858437125703807,False,
20260901,1146763347,2026,008,Rocha,BRANCH,MEDIUM,0.00021599999999999996,-0.6078762533708101,False,0.0,-0.0694602548721876,0.3040605505294182,0.0,False,0.00016134770248072403,0.5306523670726984,False,
20260901,1146763347,2026,009,Chuy,AGENCY,SMALL,0.011399999999999999,0.48540926223920133,False,0.0,-0.0694602548721876,0.3040605505294182,0.0,False,0.015392356513607836,0.4423406798422149,False,
20260901,1146763347,2026,010,Río Branco,AGENCY,SMALL,0.010924999999999999,0.7021636803601907,False,0.0,-0.0694602548721876,0.3040605505294182,0.0,False,0.016368414983029298,0.6983311211282538,False,
20260901,1146763347,2026,011,Aceguá,AGENCY,SMALL,0.01235,-0.5990698115744453,False,0.0,-0.0694602548721876,0.3040605505294182,0.0,False,0.009908211008341446,0.9511861991680928,False,
20260901,1146763347,2026,012,Minas,BRANCH,MEDIUM,0.0012,0.36957826047107434,False,0.0,-0.0694602548721876,0.3040605505294182,0.0,False,0.0014330184083696,0.8916786550475261,False,
20260901,1146763347,2026,013,Maldonado,BRANCH,LARGE,1.296e-05,0.9580036200779364,False,0.0,-0.0694602548721876,0.3040605505294182,0.0,False,2.0527661160807474e-05,0.6106632646654763,False,
20260901,1146763347,2026,014,Piriápolis,AGENCY,SMALL,0.014725,-1.324390160804727,False,0.0,-0.0694602548721876,0.3040605505294182,0.0,False,0.010988046324968203,0.4202740205655371,False,
20260901,1146763347,2026,015,Punta del Este,AGENCY,MEDIUM,0.0055,-0.21338636812770784,False,0.0,-0.0694602548721876,0.3040605505294182,0.0,False,0.005309957811844528,0.13807367384311997,False,
20260901,1146763347,2026,016,La Paloma,AGENCY,SMALL,0.01235,-0.4322081465072914,False,0.0,-0.0694602548721876,0.3040605505294182,0.0,False,0.01073444153759756,0.05875771638550853,False,
20260901,1146763347,2026,017,Montevideo Centro,BRANCH,LARGE,7.2000000000000005e-06,-0.428287675972677,False,0.0,-0.0694602548721876,0.3040605505294182,0.0,False,5.862445366222912e-06,0.24158460965055772,False,
20260901,1146763347,2026,018,Pando,AGENCY,SMALL,0.009975,0.6994455680829105,False,0.0,-0.0694602548721876,0.3040605505294182,0.0,False,0.014925588516643853,0.5759169235130572,False,
20260901,1146763347,2026,019,WTC,AGENCY,MEDIUM,0.0055,0.4927976860325805,False,0.0,-0.0694602548721876,0.3040605505294182,0.0,False,0.007452520044348752,0.2001568511514371,False,
20260901,1146763347,2026,020,Canelones,BRANCH,MEDIUM,0.00021599999999999996,-0.9857213783964479,False,0.0,-0.0694602548721876,0.3040605505294182,0.0,False,0.00015070771227453482,0.3602536073106689,False,
20260901,1146763347,2026,021,Durazno,BRANCH,MEDIUM,0.00021599999999999996,0.43027387946510864,False,0.0,-0.0694602548721876,0.3040605505294182,0.0,False,0.0002655687474131991,0.1969486889632842,False,
20260901,1146763347,2026,022,Rivera,BRANCH,MEDIUM,0.0012,1.0551928588306496,False,0.0,-0.0694602548721876,0.3040605505294182,0.0,False,0.0019914798428809803,0.4908327545800599,False,
20260901,1146763347,2026,023,Las Piedras,AGENCY,MEDIUM,0.0055,-0.4299289406611198,False,0.0,-0.0694602548721876,0.3040605505294182,0.0,False,0.004785753364063378,0.6963475057517142,False,
20260901,1146763347,2026,024,Tacuarembó,BRANCH,MEDIUM,0.0012,1.2351988376075345,False,0.0,-0.0694602548721876,0.3040605505294182,0.0,False,0.0021712018709815276,0.41654019460793135,False,
20260901,1146763347,2026,025,Prado,AGENCY,SMALL,0.009975,0.35243018081859784,False,0.0,-0.0694602548721876,0.3040605505294182,0.0,False,0.012635492311836164,0.8986218461261496,False,
20260901,1146763347,2026,027,Colonia del Sacramento,BRANCH,MEDIUM,0.0012,0.6639625583471084,False,0.0,-0.0694602548721876,0.3040605505294182,0.0,False,0.0016505151606860799,0.852589824094419,False,
20260901,1146763347,2026,028,Ciudad de la Costa,AGENCY,SMALL,0.009975,-1.1215197487382484,False,0.0,-0.0694602548721876,0.3040605505294182,0.0,False,0.007443515252397814,0.9628467559131207,False,
20260901,1146763347,2026,029,Florida,BRANCH,MEDIUM,0.0012,-0.7231797655646737,False,0.0,-0.0694602548721876,0.3040605505294182,0.0,False,0.0008481134576870589,0.14264901434662702,False,
20260901,1146763347,2026,030,San José de Mayo,BRANCH,MEDIUM,0.0012,-1.4398906973710357,False,0.0,-0.0694602548721876,0.3040605505294182,0.0,False,0.0008372650681918603,0.26363994893054743,False,
20260901,1146763347,2026,031,Mercedes,BRANCH,MEDIUM,0.0012,-0.3958650224929636,False,0.0,-0.0694602548721876,0.3040605505294182,0.0,False,0.0009923992518708945,0.3516804697291124,False,
20260901,1146763347,2026,032,Salto,BRANCH,MEDIUM,0.0012,-0.44537497187578245,False,0.0,-0.0694602548721876,0.3040605505294182,0.0,False,0.0009690931354186839,0.5796126652082795,False,
20260901,1146763347,2026,033,Trinidad,AGENCY,MEDIUM,0.0055,-0.4851306664150276,False,0.0,-0.0694602548721876,0.3040605505294182,0.0,False,0.0046606113336215985,0.5232570546077274,False,
20260901,1146763347,2026,034,Paysandú,BRANCH,MEDIUM,0.0012,0.027295361809724805,False,0.0,-0.0694602548721876,0.3040605505294182,0.0,False,0.0012159032344464596,0.7666245261043676,False,
20260901,1146763347,2026,035,Fray Bentos,BRANCH,MEDIUM,0.0012,0.7768085819229816,False,0.0,-0.0694602548721876,0.3040605505294182,0.0,False,0.0017423827083337705,0.4044698735767357,False,
20260901,1146763347,2026,036,Artigas,BRANCH,SMALL,0.002,0.40439599899629575,False,0.0,-0.0694602548721876,0.3040605505294182,0.0,False,0.0024286149928142097,0.3511449453301222,False,
20260901,1146763347,2026,037,Colón,AGENCY,SMALL,0.010450000000000001,-0.9724477574451429,False,0.0,-0.0694602548721876,0.3040605505294182,0.0,False,0.007797968359654854,0.8565648913826758,False,
