campaign_id,campaign_name,campaign_type,eligible_customers,production_selection_rate,selection_mean,selection_p05,selection_p50,selection_p95,production_exposure_rate,exposure_mean,exposure_p05,exposure_p50,exposure_p95,production_response_rate,response_mean,response_p05,response_p50,response_p95,production_events_per_exposed,events_per_exposed_mean,events_per_exposed_p05,events_per_exposed_p50,events_per_exposed_p95,zero_selected_world_share,zero_exposed_world_share,zero_response_world_share,all_selected_exposed_world_share,positive_mean,neutral_mean,negative_mean
M001,Your First BTYT Account,ACQUISITION,3413,0.18019337825959567,0.1801754761207149,0.11690594784646938,0.17755640199238207,0.25169938470553743,0.848780487804878,0.84853249551926,0.7814950659206673,0.8515544458762887,0.9048566072577712,0.20689655172413793,0.20622201193640657,0.1291425271078305,0.2035172064777328,0.29358309743869576,1.6781609195402298,1.6784085711975936,1.5378769579856537,1.6754492151643106,1.8278365287076483,0.0,0.0,0.0,0.0,54.6359,35.0377,17.899
M002,Rural Investment 2021,CROSS_SELL,37,0.4864864864864865,0.48641081081081083,0.32432432432432434,0.4864864864864865,0.6486486486486487,0.7222222222222222,0.7239703348743518,0.5263157894736842,0.7307692307692307,0.9,0.23076923076923078,0.23182414997504922,0.0,0.2222222222222222,0.46153846153846156,1.5384615384615385,1.5358339291050116,1.2,1.5,1.9166666666666667,0.0,0.0,0.0562,0.0081,0.9985,0.0517,1.966
M003,Payroll with BTYT 2021,ACQUISITION,3215,0.4827371695178849,0.4833242301710731,0.39502332814930013,0.48367029548989116,0.5726283048211509,0.791881443298969,0.7916193698164006,0.7221812610084837,0.7934534199615817,0.8539791390179163,0.193653376729048,0.194133481876442,0.12130208617861697,0.19121048573631458,0.27654787202693704,1.4759967453213996,1.4759343013878823,1.3813322656670495,1.4733299694565645,1.5802671642123625,0.0,0.0,0.0,0.0,127.5501,79.535,31.6749
M004,Save in USD 2021,CROSS_SELL,4851,0.26798598227169657,0.2682151102865389,0.19541331684188828,0.26613069470212325,0.34736136878994006,0.7738461538461539,0.7744172559038527,0.7040578992307182,0.7759941505491996,0.8400016077170418,0.14214711729622267,0.14188163070924278,0.07946970223497524,0.138261822258459,0.21570814837005362,1.55168986083499,1.5505084251226924,1.4406433322892502,1.5470702677958343,1.6708348321342925,0.0,0.0,0.0,0.0,69.8461,48.8427,24.292
M005,Back to University 2022,ACQUISITION,2928,0.36577868852459017,0.365326468579235,0.28276980874316937,0.3637295081967213,0.45150273224043713,0.9066293183940243,0.9064756324615464,0.8543291053550434,0.9092608735747383,0.9500030450669914,0.24613800205973224,0.24664049525564555,0.16666666666666666,0.24426662672532862,0.3340714186169207,1.631307929969104,1.6312642455558115,1.506688898180118,1.626942802307339,1.7693065970574275,0.0,0.0,0.0,0.0,134.9929,69.6792,34.4754
M006,SME Growth 2022,CROSS_SELL,356,0.4550561797752809,0.455583988764045,0.35674157303370785,0.4550561797752809,0.5533707865168539,0.7901234567901234,0.7898965048310339,0.7027027027027027,0.7925531914893617,0.867653135634419,0.171875,0.17208309467216248,0.0890979097909791,0.167911071488271,0.26811594202898553,1.6484375,1.6485456567521843,1.4811320754716981,1.644927536231884,1.8314097398111902,0.0,0.0,0.0,0.0,10.8293,7.0288,4.1927
M007,BTYT Digital 2022,ACTIVATION,5390,0.5244897959183673,0.5241268645640074,0.4365491651205937,0.5241187384044527,0.6105751391465677,0.9048461266360099,0.9044037918182303,0.8537355178149488,0.9064288589495078,0.9471081802600047,0.2130570758405004,0.21275355716199187,0.1388587576247671,0.2105162253793994,0.2944555975322669,1.7541047693510554,1.7536313717668182,1.607908959556483,1.7505732475638067,1.9090280370684662,0.0,0.0,0.0,0.0,290.3822,171.3323,81.8083
M008,Your First Home 2023,CROSS_SELL,4379,0.4290934003197077,0.42920490979675724,0.34345741036766386,0.42840831240009136,0.5165562913907285,0.8318254390633315,0.831366695296664,0.7685314731248482,0.833514784627778,0.8870232201603373,0.1253998720409469,0.12527788574563611,0.06782087798398324,0.12202735816887669,0.19555567922623013,1.6327575175943698,1.6314294882810576,1.5094603150223236,1.6281366411686564,1.76443160177449,0.0,0.0,0.0,0.0,102.7963,58.3934,34.4712
M009,Premium Upgrade 2023,UPSELL,1672,0.19617224880382775,0.19620316985645933,0.12858851674641147,0.194377990430622,0.27093301435406697,0.8536585365853658,0.8545203862316432,0.7860225496925706,0.8571428571428571,0.9135464475041805,0.1392857142857143,0.1391241111880478,0.07079509870660314,0.13543741699867196,0.21905414220482705,1.6857142857142857,1.6846858492097774,1.5326605855363775,1.6823781873264327,1.845131689704058,0.0,0.0,0.0,0.0,18.7109,13.0602,7.2111
M010,Business Liquidity 2023,CROSS_SELL,408,0.0857843137254902,0.08608455882352942,0.0392156862745098,0.08333333333333333,0.14460784313725492,0.8571428571428571,0.8577674832637152,0.7333333333333333,0.8636363636363636,0.9629629629629629,0.23333333333333334,0.23383843795777604,0.08333333333333333,0.22857142857142856,0.4,1.6333333333333333,1.635747581596878,1.368421052631579,1.625,1.9375,0.0,0.0,0.0097,0.0247,4.8985,2.032,0.1239
M011,Summer East Coast 2024,ACQUISITION,58,0.27586206896551724,0.2741655172413793,0.15517241379310345,0.27586206896551724,0.39655172413793105,1.0,1.0,1.0,1.0,1.0,0.25,0.25035420986816326,0.06666666666666667,0.25,0.46153846153846156,1.3125,1.3102666539473768,1.0869565217391304,1.3,1.5714285714285714,0.0,0.0,0.0262,1.0,1.9716,0.9929,1.0176
M012,Drive with BTYT 2024,CROSS_SELL,5383,0.3680104031209363,0.3671878877949099,0.2857142857142857,0.36615270295374325,0.4523499907114992,0.8889449772841999,0.8889124240011994,0.8338395077918104,0.8913467740626546,0.9342313419243053,0.18852924474730268,0.18909761077415832,0.1195623519523191,0.1862689926842994,0.2686675519868231,1.7296990346394094,1.7281437038374587,1.5891747389118538,1.7241855366855368,1.8831865108603385,0.0,0.0,0.0,0.0,163.3074,103.3175,65.6519
M013,Stay with BTYT 2024,RETENTION,6176,0.14507772020725387,0.14523873056994818,0.08840673575129533,0.14248704663212436,0.2103384067357512,0.875,0.8748078318636104,0.8146709825589137,0.8775914074282455,0.9261570446038391,0.14540816326530612,0.1457564758208552,0.08161420753515496,0.14265528830418228,0.21981244647170334,1.6505102040816326,1.6498111205016117,1.5158921705891504,1.6466512702078522,1.7907521123706096,0.0,0.0,0.0,0.0,53.4155,40.001,20.9058
M014,Rural Investment 2025,CROSS_SELL,71,0.16901408450704225,0.16904647887323945,0.08450704225352113,0.16901408450704225,0.2676056338028169,1.0,0.9999,1.0,1.0,1.0,0.16666666666666666,0.16524795938300293,0.0,0.15384615384615385,0.38461538461538464,1.9166666666666667,1.9142835020166393,1.4375,1.8888888888888888,2.4615384615384617,0.0001,0.0001,0.1655,0.9999,1.9132,0.0363,0.035
M015,Business Equipment 2025,CROSS_SELL,543,0.4880294659300184,0.4885716390423573,0.39594843462246776,0.4880294659300184,0.58195211786372,0.7924528301886793,0.7925518066015212,0.713649243957614,0.7947309060412389,0.8643410852713178,0.20952380952380953,0.2082387429929565,0.12435093124212294,0.20526315789473684,0.30434782608695654,1.5095238095238095,1.5090475762110682,1.3874925889328062,1.5059056033480585,1.6411828644501276,0.0,0.0,0.0,0.0,24.3195,14.9183,4.5326
M016,Save in USD 2025,CROSS_SELL,6457,0.4111816633111352,0.41046276908781165,0.3260027876722936,0.4096329564813381,0.4958959269010376,0.9054613935969869,0.9053890351820999,0.8540199359038948,0.9081960328328624,0.948485571954194,0.1497504159733777,0.15008279378488984,0.08691858882972459,0.14655972106711024,0.22436331248577684,1.6713810316139768,1.6706856305729423,1.541154478772563,1.668314136669406,1.8088035233923891,0.0,0.0,0.0,0.0,177.1112,111.5256,71.7495
M017,Payroll with BTYT 2026,ACQUISITION,613,0.3556280587275693,0.35514779771615007,0.26916802610114193,0.3539967373572594,0.4453507340946166,0.9220183486238532,0.9215941218279131,0.8642506005251104,0.9246861924686193,0.9672169449977017,0.15920398009950248,0.15858319885738384,0.0858307786633967,0.155,0.24342105263157895,1.7164179104477613,1.7177517988321458,1.5507246376811594,1.7156180703508848,1.8971487279843444,0.0,0.0,0.0,0.0001,22.1605,8.1466,1.5041
M018,Premium Upgrade 2026,UPSELL,1978,0.18756319514661274,0.18715394337714866,0.12335692618806876,0.18478260869565216,0.2603640040444894,0.8679245283018868,0.8686990586940945,0.8042939115421724,0.8715596330275229,0.9252146736959821,0.11801242236024845,0.11782994845741218,0.057055915230820174,0.11356466876971609,0.19210854092526683,1.7267080745341614,1.7277047511048491,1.5717765567765567,1.7233333333333334,1.899767726161369,0.0,0.0,0.0,0.0,21.4474,10.1413,6.3113
M019,BTYT Eastern Roots 2026,CROSS_SELL,1992,0.35993975903614456,0.3598473393574297,0.2776104417670683,0.35843373493975905,0.44728915662650603,0.899581589958159,0.899038943514484,0.8447967738118166,0.9019323721605643,0.9451085444146524,0.16899224806201552,0.1690463735740729,0.10048920727989727,0.1656534954407295,0.24860173493736326,1.7054263565891472,1.7052869402223834,1.5625874447717232,1.700443811262039,1.8621708272751916,0.0,0.0,0.0,0.0,52.0882,36.0434,20.8315
M020,BTYT Cerca 2026,ACTIVATION,189,0.32275132275132273,0.32359047619047615,0.2275132275132275,0.32275132275132273,0.42328042328042326,0.8032786885245902,0.803802902540448,0.6909090909090909,0.8070175438596491,0.9016393442622951,0.20408163265306123,0.20391217157845704,0.08928571428571429,0.2,0.3392857142857143,1.7142857142857142,1.71421868465542,1.4821428571428572,1.7073170731707317,1.975,0.0,0.0,0.0005,0.0001,5.8875,3.0135,1.1212
