world_seed,year,branch_id,branch_name,risk_group,structural_six_year_closure_prob,neutral_annual_hazard,customer_pressure,deposit_pressure,transaction_pressure,credit_pressure,cost_pressure,digital_substitution,network_overlap,operational_pressure,local_shock_flag,local_shock_magnitude,macro_growth_factor,credit_cycle_factor,financial_stress_factor,digitalization_factor,systemic_shock,systemic_shock_flag,closure_pressure,closures_before_draw,saturation_multiplier,annual_closure_probability,closure_draw,closed_this_year,closure_reason
739184621,2021,001,Treinta y Tres,A_CORE,6e-05,1.0000250009190026e-05,-0.14235798182536585,-0.17299398208269084,-0.03200450187528142,-0.19475919376230982,-0.49847430054376163,-0.6652928967106089,-0.36651605278750277,-0.6104832776419542,False,0.0,-0.0691010546152819,-0.0308091381423348,0.0808448580645127,0.1037968149499311,0.0,False,-0.29296164387397966,0,1.0,8.098490692131651e-06,0.18646299820653656,False,
739184621,2021,002,Vergara,D_VULNERABLE,0.075,0.012909537991917963,0.002967542454827915,-0.43751456119736964,-0.3550684675876305,-0.21442983593003165,0.13802346739898738,1.2658251247065941,-0.08834030723434566,0.0987791540016909,False,0.0,-0.0691010546152819,-0.0308091381423348,0.0808448580645127,0.1037968149499311,0.0,False,0.03363421008155284,0,1.0,0.013225979623857133,0.9624249057643471,False,
739184621,2021,003,José Pedro Varela,C_STANDARD,0.028,0.00472206159867683,0.2655258982386458,-0.238446860110977,0.03638513936665147,0.4634410912254071,0.3078423217004909,0.3019263966857421,-1.2110518774309669,-0.7321716646158368,False,0.0,-0.0691010546152819,-0.0308091381423348,0.0808448580645127,0.1037968149499311,0.0,False,0.027484714100345066,0,1.0,0.004816437167021633,0.07010220877370077,False,
739184621,2021,004,La Charqueada,D_VULNERABLE,0.095,0.01649909655059567,0.2920265294456744,-0.3794595674193869,-0.10301758386047802,0.8033865433981372,0.26304004258680375,0.026147559578312926,-0.04845304201075732,0.571524652815178,False,0.0,-0.0691010546152819,-0.0308091381423348,0.0808448580645127,0.1037968149499311,0.0,False,0.15638171760970346,0,1.0,0.018465432331138922,0.8056559391277822,False,
739184621,2021,005,Melo,B_STRATEGIC,0.006,0.0010025092058050245,0.08625462697868837,0.017076243530389737,0.29831959822446014,0.4025926979920221,0.2019434544863189,-0.2768985476114768,-0.29236798701147615,0.5014623186281044,False,0.0,-0.0691010546152819,-0.0308091381423348,0.0808448580645127,0.1037968149499311,0.0,False,0.13121542520732982,0,1.0,0.0011018396248529277,0.981187398948488,False,
739184621,2021,006,Cerro Chato,D_VULNERABLE,0.09,0.015595556519907738,1.454732657279228,-0.021276838594899594,-0.07510882210770564,0.48971971311710993,-0.05348199273009818,0.7259769120352504,0.7580056532367208,0.18367400831324163,False,0.0,-0.0691010546152819,-0.0308091381423348,0.0808448580645127,0.1037968149499311,0.0,False,0.42190605618637267,0,1.0,0.02113136428220821,0.49496439970122097,False,
739184621,2021,007,Santa Clara de Olimar,D_VULNERABLE,0.12,0.021080201746559446,-0.06597401700391659,0.3072586362490909,0.16936989591917784,-0.33484434679577935,-0.5279102585498088,0.41735684614958324,1.1960802751897888,0.31497951561613885,False,0.0,-0.0691010546152819,-0.0308091381423348,0.0808448580645127,0.1037968149499311,0.0,False,0.11844742388529472,0,1.0,0.022956851662704367,0.6018847672484222,False,
739184621,2021,008,Rocha,B_STRATEGIC,0.011,0.0018417930403104021,0.2687514407027449,-0.1743400764029284,-0.5294573679689236,-0.8545897757271246,-0.5488555768557649,0.46182785301940077,0.29590982048021564,0.1354036277872804,False,0.0,-0.0691010546152819,-0.0308091381423348,0.0808448580645127,0.1037968149499311,0.0,False,-0.1623268890090287,0,1.0,0.0016386360442587039,0.9922694361961605,False,
739184621,2021,009,Chuy,D_VULNERABLE,0.085,0.014696144149711432,0.5192389973555938,-0.15218094051083775,0.46250374201457345,0.33721952001950933,-0.08734610529213166,0.12296105244045896,-0.013223011711606614,0.6693200014855114,False,0.0,-0.0691010546152819,-0.0308091381423348,0.0808448580645127,0.1037968149499311,0.0,False,0.23120495194918425,0,1.0,0.017357986579111175,0.44900839096652667,False,
739184621,2021,010,Río Branco,C_STANDARD,0.045,0.007644619866971847,0.00671110809699077,0.035429478051002466,-0.42304707103189765,0.9946532820721078,-0.10958981030795345,-0.11613262631382842,-0.0492231630472279,0.4481102977422518,False,0.0,-0.0691010546152819,-0.0308091381423348,0.0808448580645127,0.1037968149499311,0.0,False,0.05854715181569753,0,1.0,0.007973759311650206,0.02513316862523085,False,
739184621,2021,011,Aceguá,D_VULNERABLE,0.1,0.01740680614731016,-0.33288103319370543,-0.008472458033787988,0.22835323640529523,-0.7547899032252167,0.30417090137039315,0.7956835025147493,0.5938040329493207,0.19232738492396265,False,0.0,-0.0691010546152819,-0.0308091381423348,0.0808448580645127,0.1037968149499311,0.0,False,0.10728634359249126,0,1.0,0.018804711591691718,0.04806275256068948,False,
739184621,2021,012,Minas,B_STRATEGIC,0.012,0.002010073962457337,-0.1242813805008989,-0.4321009251439469,-0.5239425685034429,-0.3900952084289089,-0.11886188846241157,-0.7580618662463552,0.5005995818873294,-0.5328275437257329,False,0.0,-0.0691010546152819,-0.0308091381423348,0.0808448580645127,0.1037968149499311,0.0,False,-0.3129801811746298,0,1.0,0.0016045218319750219,0.7161987321255675,False,
739184621,2021,013,Maldonado,B_STRATEGIC,0.006,0.0010025092058050245,0.6920231514673256,-0.38704014327656105,-0.6609189003533095,0.100397551086926,-0.19964764132178786,0.19541519477065467,0.6398516724494594,-0.8442092602872507,False,0.0,-0.0691010546152819,-0.0308091381423348,0.0808448580645127,0.1037968149499311,0.0,False,-0.057010005711740364,0,1.0,0.0009621921182755343,0.17212393110551383,False,
739184621,2021,014,Piriápolis,D_VULNERABLE,0.11,0.01923490498096092,0.51292189792399,-0.051233421203826734,0.3584481520169567,0.167500391261431,-0.0719994799631355,0.008314412011364125,0.7193590607687879,-0.06662181559373648,False,0.0,-0.0691010546152819,-0.0308091381423348,0.0808448580645127,0.1037968149499311,0.0,False,0.20196932953760321,0,1.0,0.022245606168889983,0.958729576860035,False,
739184621,2021,015,Punta del Este,B_STRATEGIC,0.01,0.0016736538523104416,0.1564891199690682,0.623389023818579,0.30919742194974487,-0.5369222635609102,0.24264863232558992,0.1825214293119976,0.1593823466209502,0.03613494445517951,False,0.0,-0.0691010546152819,-0.0308091381423348,0.0808448580645127,0.1037968149499311,0.0,False,0.18054510744837676,0,1.0,0.0019059901727452786,0.30228082459330885,False,
739184621,2021,016,La Paloma,D_VULNERABLE,0.095,0.01649909655059567,-0.6706055721511552,-0.3221608626980224,-0.5924040672015018,0.2182706665515608,-0.5692565983742964,0.05079382595873633,-0.20790661467528027,-0.08276630651004753,False,0.0,-0.0691010546152819,-0.0308091381423348,0.0808448580645127,0.1037968149499311,0.0,False,-0.31384448350283506,0,1.0,0.01316204878823034,0.5669123016476869,False,
739184621,2021,017,Montevideo Centro,A_CORE,0.0015,0.00025015639338155093,-0.41095350513470896,0.38915358674780326,-1.711521153405873,0.31502222638542876,0.22370456376102466,-0.4641185543472739,-0.640649875774985,-0.41642854474645963,False,0.0,-0.0691010546152819,-0.0308091381423348,0.0808448580645127,0.1037968149499311,0.0,False,-0.2338149008045813,0,1.0,0.0002113973562023559,0.34064826570065676,False,
739184621,2021,018,Pando,C_STANDARD,0.05,0.008512444610847103,-0.880011517775737,0.3279817857469195,-0.1397078375825233,0.4031192263436184,1.3925743339359982,-0.16387335539880302,0.6755829154395652,0.10069085383300846,False,0.0,-0.0691010546152819,-0.0308091381423348,0.0808448580645127,0.1037968149499311,0.0,False,0.19694052336288384,0,1.0,0.009809255134343293,0.45120191734482096,False,
739184621,2021,019,WTC,B_STRATEGIC,0.009,0.001505656136097322,-0.22864400783402622,0.23247880936462134,-0.4932843890024459,-0.4332114455045848,0.4513947073697067,-0.012549668005617222,0.4385130048791904,0.07019909585196836,False,0.0,-0.0691010546152819,-0.0308091381423348,0.0808448580645127,0.1037968149499311,0.0,False,-0.02331057860381671,0,1.0,0.0014805966633241127,0.7926411063974451,False,
739184621,2021,020,Canelones,B_STRATEGIC,0.01,0.0016736538523104416,0.07403748644654407,0.05722231613194491,-0.0760398133059037,0.11180190226302907,0.37058550849063365,0.32977166555671833,-0.16222385558011992,0.25779613426830117,False,0.0,-0.0691010546152819,-0.0308091381423348,0.0808448580645127,0.1037968149499311,0.0,False,0.12791894013423777,0,1.0,0.0018351217146111252,0.7381660599762722,False,
739184621,2021,021,Durazno,C_STANDARD,0.03,0.005063670756198957,0.3050385991121633,0.6333304838659032,0.349595156906408,-0.6377046862687157,-0.40995237656436323,-0.3310040768565888,-0.12368156813268778,0.08001000035616981,False,0.0,-0.0691010546152819,-0.0308091381423348,0.0808448580645127,0.1037968149499311,0.0,False,0.019905986603217435,0,1.0,0.005136767427841621,0.6397742009360073,False,
739184621,2021,022,Rivera,B_STRATEGIC,0.012,0.002010073962457337,0.019722433720446825,-0.11261620765286313,0.44296758698925465,0.01827637619691108,-0.3611103795690541,0.016590624448321878,-0.10424712160606504,-1.034212017101073,False,0.0,-0.0691010546152819,-0.0308091381423348,0.0808448580645127,0.1037968149499311,0.0,False,-0.05774121500512462,0,1.0,0.0019282210533297735,0.4102709860575746,False,
739184621,2021,023,Las Piedras,C_STANDARD,0.042,0.007125740823183402,0.652350973424647,0.3536521211741405,-0.14715199895528436,0.7601993193082708,-0.14132825626952242,0.10704014423988836,0.7302800738819354,-0.20061207610479032,False,0.0,-0.0691010546152819,-0.0308091381423348,0.0808448580645127,0.1037968149499311,0.0,False,0.2576816467306999,0,1.0,0.008578374828057015,0.1936113315036171,False,
739184621,2021,024,Tacuarembó,B_STRATEGIC,0.013,0.0021784968818643335,0.7549124654587656,-0.47916915549273853,-0.41744368058133763,0.12108915720676278,0.0023939543155423043,0.13837872217329322,-0.28192213981321823,-0.5919441345262364,False,0.0,-0.0691010546152819,-0.0308091381423348,0.0808448580645127,0.1037968149499311,0.0,False,-0.04922237377150065,0,1.0,0.002102642792502179,0.4074051045973719,False,
739184621,2021,025,Prado,C_STANDARD,0.048,0.008164859015498682,0.34104460533325465,-0.3776336507484867,-0.8324284650008913,0.021649921580772842,0.24676769069897683,0.08375771107440066,0.5798620675341155,-0.07073686496071742,False,0.0,-0.0691010546152819,-0.0308091381423348,0.0808448580645127,0.1037968149499311,0.0,False,-0.04403891916955383,0,1.0,0.007910028917110689,0.807700289809346,False,
739184621,2021,026,Carrasco,C_STANDARD,0.035,0.005920268673714868,0.3005855531468971,0.5758764466919896,-0.09403457208705457,-0.5055244273537272,-0.14702897134858872,0.13995724587127617,0.12046236128172494,-0.48250209594320287,False,0.0,-0.0691010546152819,-0.0308091381423348,0.0808448580645127,0.1037968149499311,0.0,False,0.027748578766896473,0,1.0,0.006039739057734949,0.5931315941296028,False,
739184621,2021,027,Colonia del Sacramento,B_STRATEGIC,0.01,0.0016736538523104416,-0.013056165925658808,0.047243587660021694,-0.3485871611131709,-0.6883351196099012,-0.9844612280760668,0.23048531986770435,-0.08879909408878411,0.4109413317296699,False,0.0,-0.0691010546152819,-0.0308091381423348,0.0808448580645127,0.1037968149499311,0.0,False,-0.22746884868573303,0,1.0,0.0014208163500765748,0.7010193101196867,False,
739184621,2021,028,Ciudad de la Costa,C_STANDARD,0.045,0.007644619866971847,0.803048115773666,0.07147993015103248,0.29533718103113216,-0.2921100731486721,1.0150900796363584,-0.17518230670133164,-0.22126243547264382,0.20994498448337548,False,0.0,-0.0691010546152819,-0.0308091381423348,0.0808448580645127,0.1037968149499311,0.0,False,0.2819397946084163,0,1.0,0.009365181975668982,0.06559020427362372,False,
739184621,2021,029,Florida,C_STANDARD,0.03,0.005063670756198957,-0.32779438546758455,-0.7356370950543251,-0.30489833979286984,0.03135714538927636,-0.2548971985970225,0.2750490199502785,0.2895256855058259,-0.12433623454146032,False,0.0,-0.0691010546152819,-0.0308091381423348,0.0808448580645127,0.1037968149499311,0.0,False,-0.18291390461232274,0,1.0,0.004438842547054809,0.9772816036486328,False,
739184621,2021,030,San José de Mayo,C_STANDARD,0.028,0.00472206159867683,-0.2208594074645815,0.5282624256669339,0.1346032003611804,0.2623992597124833,0.10231564452180375,-0.6685460934333589,-0.22232570168974597,-0.45634672615339544,False,0.0,-0.0691010546152819,-0.0308091381423348,0.0808448580645127,0.1037968149499311,0.0,False,-0.011325741992616397,0,1.0,0.004683711959942374,0.9772229908307688,False,
739184621,2021,031,Mercedes,B_STRATEGIC,0.011,0.0018417930403104021,-0.7159213014399509,-0.942066200894496,0.18369489825373297,-0.19649443809815853,1.050773828146175,0.044595470496838985,-0.6586038918654027,0.15368439851432814,False,0.0,-0.0691010546152819,-0.0308091381423348,0.0808448580645127,0.1037968149499311,0.0,False,-0.10250705017509756,0,1.0,0.0017107544968458055,0.018525105605179948,False,
739184621,2021,032,Salto,B_STRATEGIC,0.008,0.0013377996300605322,-0.004553744090004724,-0.522098856266886,-0.23085260314012307,0.5467828745031724,0.4083860251769499,-1.0705671055907566,0.9237041076416117,0.7695361116069058,False,0.0,-0.0691010546152819,-0.0308091381423348,0.0808448580645127,0.1037968149499311,0.0,False,0.02969834692250111,0,1.0,0.0013667135740901026,0.22162188326011678,False,
739184621,2021,033,Trinidad,C_STANDARD,0.038,0.006436004347869617,0.8895197299769709,0.028503471539012573,0.14711335064784356,0.7325159548625492,0.1339356915528218,0.5379834955651775,-0.43727700319397944,0.2839620708212785,False,0.0,-0.0691010546152819,-0.0308091381423348,0.0808448580645127,0.1037968149499311,0.0,False,0.3279576734148137,0,1.0,0.008150158945216946,0.29118045527018854,False,
739184621,2021,034,Paysandú,B_STRATEGIC,0.009,0.001505656136097322,-0.43766255684423194,0.212205099567506,-0.4115051468675045,-0.3013612988255987,-0.1079725960214317,-0.8445983870906222,-0.4724938541717116,0.27115114709695953,False,0.0,-0.0691010546152819,-0.0308091381423348,0.0808448580645127,0.1037968149499311,0.0,False,-0.27034203849831945,0,1.0,0.0012393443704786734,0.7959262363754621,False,
739184621,2021,035,Fray Bentos,C_STANDARD,0.032,0.0054058673761743226,0.10206807164975704,-0.5831267705904245,-0.44025985269899853,0.020003950098884657,-0.36920547460097175,0.5000510877154931,-0.2949977705413658,0.251668053587194,False,0.0,-0.0691010546152819,-0.0308091381423348,0.0808448580645127,0.1037968149499311,0.0,False,-0.13204450083220048,0,1.0,0.004915595344027889,0.5151204676666219,False,
739184621,2021,036,Artigas,C_STANDARD,0.04,0.006780573220505293,0.11888182686915871,-0.03934117782255153,0.010850325988707499,0.4324454973858037,0.6096454216321082,0.30929264353705166,-0.4086294267657596,0.5259131911231436,False,0.0,-0.0691010546152819,-0.0308091381423348,0.0808448580645127,0.1037968149499311,0.0,False,0.2068325097526663,0,1.0,0.007869393944943803,0.45719405873856855,False,
739184621,2021,037,Colón,D_VULNERABLE,0.08,0.013800818181815777,0.2734079639087721,0.27440403022072746,0.06198701587492694,-0.423000717562381,-0.32191002367913246,0.053551264962754794,0.7322636183491016,0.017405883868629228,False,0.0,-0.0691010546152819,-0.0308091381423348,0.0808448580645127,0.1037968149499311,0.0,False,0.06522910079731367,0,1.0,0.01446443432959335,0.4813160100035485,False,
739184621,2022,001,Treinta y Tres,A_CORE,6e-05,1.0000250009190026e-05,0.5637540582130786,0.03279575583920484,-0.04951706281593617,0.3644438148836874,-0.09476191803236178,-0.8413218601888474,-1.3309305760449177,-0.9154803327016507,False,0.0,0.5379672160003041,0.2313033500738229,0.4403047636435947,0.0517701302060029,0.0,False,-0.09075618619548823,0,1.0,9.367681617483615e-06,0.4863984537901853,False,
739184621,2022,002,Vergara,D_VULNERABLE,0.075,0.012909537991917963,-0.0693361883384686,-0.3384533258561245,-1.2960621491907653,-0.606961948309199,0.5484271722970824,0.43877002589908426,-0.3262615841905976,-0.473183202775325,False,0.0,0.5379672160003041,0.2313033500738229,0.4403047636435947,0.0517701302060029,0.0,False,-0.18089612328044022,0,1.0,0.011333027027732102,0.17196719264693583,False,
739184621,2022,003,José Pedro Varela,C_STANDARD,0.028,0.00472206159867683,0.5818595387671502,-0.20453747295000244,0.2085028875661623,1.2014184122175449,0.46859960476524126,-0.09629737373808034,-1.2085752262892073,-0.49290425063374177,False,0.0,0.5379672160003041,0.2313033500738229,0.4403047636435947,0.0517701302060029,0.0,False,0.22652081964063925,0,1.0,0.00555856773666908,0.015829864032752328,False,
739184621,2022,004,La Charqueada,D_VULNERABLE,0.095,0.01649909655059567,-0.15577980946133949,-0.35802295295940095,0.27567474194852926,0.04206311732900481,0.4875885746612241,0.013776884129542947,0.049980815923965596,-0.1046139759678979,False,0.0,0.5379672160003041,0.2313033500738229,0.4403047636435947,0.0517701302060029,0.0,False,0.09391957099246612,0,1.0,0.017653387936096304,0.8401021839158911,False,
739184621,2022,005,Melo,B_STRATEGIC,0.006,0.0010025092058050245,0.19827286762091068,-0.4740317068787551,-0.14200579341781175,0.6541220255019956,0.23793945229286703,-0.8588526662460602,-0.1517215201404095,0.04648978652865282,False,0.0,0.5379672160003041,0.2313033500738229,0.4403047636435947,0.0517701302060029,0.0,False,-0.014494212936142413,0,1.0,0.0009921015873777265,0.9599074590937781,False,
739184621,2022,006,Cerro Chato,D_VULNERABLE,0.09,0.015595556519907738,1.0643714509948066,-0.20858414445227944,-0.10375927463843651,-0.08262243292346383,0.6951444324470587,1.0121273754006703,-0.10486824194887245,0.1925137597171631,False,0.0,0.5379672160003041,0.2313033500738229,0.4403047636435947,0.0517701302060029,0.0,False,0.37774409889034233,0,1.0,0.0204700283866224,0.5193837642375408,False,
739184621,2022,007,Santa Clara de Olimar,D_VULNERABLE,0.12,0.021080201746559446,-0.4120606831078117,0.47918347560495644,0.34405337091390276,0.40087425780010344,-0.7907864587245833,0.8042648753283537,1.428296314764779,0.34970404797262344,False,0.0,0.5379672160003041,0.2313033500738229,0.4403047636435947,0.0517701302060029,0.0,False,0.2725378492442384,0,1.0,0.025650461036892825,0.4968047673955547,False,
739184621,2022,008,Rocha,B_STRATEGIC,0.011,0.0018417930403104021,0.19998239590918584,0.17727465470546747,-0.9937751845237144,-0.11872409891189445,-0.7061332144434069,-0.14590235624717451,-0.1926671737232534,0.8286053186581409,False,0.0,0.5379672160003041,0.2313033500738229,0.4403047636435947,0.0517701302060029,0.0,False,-0.16518165233691837,0,1.0,0.0016352714023130234,0.013532619148715175,False,
739184621,2022,009,Chuy,D_VULNERABLE,0.085,0.014696144149711432,0.482849457435856,-0.7143079845972058,-0.2998620768740543,-0.0885846883788513,0.023850986257614764,0.2867723856472266,0.5930085375016957,-0.010236606950195237,False,0.0,0.5379672160003041,0.2313033500738229,0.4403047636435947,0.0517701302060029,0.0,False,0.039562516192009047,0,1.0,0.015120783199140692,0.11590164851566354,False,
739184621,2022,010,Río Branco,C_STANDARD,0.045,0.007644619866971847,0.7316804273066377,0.08034325924659402,0.0889819902374297,1.1190799370577231,0.5862675269316577,-0.4341375435788541,0.2829975052711639,-0.33009883273700613,False,0.0,0.5379672160003041,0.2313033500738229,0.4403047636435947,0.0517701302060029,0.0,False,0.34982363348255696,0,1.0,0.009834288751836824,0.9712504396830676,False,
739184621,2022,011,Aceguá,D_VULNERABLE,0.1,0.01740680614731016,-0.11302586938510448,0.013330412766678196,-0.549149560064273,-0.8300018367430573,0.7207455311429309,1.048687097994764,0.68045586218901,0.09072848227325289,False,0.0,0.5379672160003041,0.2313033500738229,0.4403047636435947,0.0517701302060029,0.0,False,0.13072895228889528,0,1.0,0.019124804037934064,0.5829553846914437,False,
739184621,2022,012,Minas,B_STRATEGIC,0.012,0.002010073962457337,-0.05281185106869449,-1.222418161635102,0.24014712286696632,-0.17248317444825095,-0.5530135668471664,-0.5408831488380879,0.730216508091097,-0.292692977068714,False,0.0,0.5379672160003041,0.2313033500738229,0.4403047636435947,0.0517701302060029,0.0,False,-0.19369347197751827,0,1.0,0.0017484194682025039,0.800130340054894,False,
739184621,2022,013,Maldonado,B_STRATEGIC,0.006,0.0010025092058050245,1.0695721825880948,-0.8867941961933774,-0.6451287091673023,-0.23342728330524856,-0.10447194077850688,0.5698757448242455,0.012338822995393794,-1.1646918406758475,False,0.0,0.5379672160003041,0.2313033500738229,0.4403047636435947,0.0517701302060029,0.0,False,-0.07366663416780546,0,1.0,0.0009507216857339686,0.9324668270634889,False,
739184621,2022,014,Piriápolis,D_VULNERABLE,0.11,0.01923490498096092,0.494996470356302,-0.6363081768788955,0.6217022533962158,0.17525382100293443,-0.7691966067085808,0.29139496771190926,0.43220429705053826,-0.8173428124586561,False,0.0,0.5379672160003041,0.2313033500738229,0.4403047636435947,0.0517701302060029,0.0,False,0.05286689576354734,0,1.0,0.019981178615364394,0.2934333418431273,False,
739184621,2022,015,Punta del Este,B_STRATEGIC,0.01,0.0016736538523104416,-0.14415549998574698,0.3987101553805657,0.18008897624679499,-0.40990081267298617,0.41034338166865636,0.3569301068007452,0.19269229899436457,0.5348592023221118,False,0.0,0.5379672160003041,0.2313033500738229,0.4403047636435947,0.0517701302060029,0.0,False,0.2168922497094583,0,1.0,0.0019565282305832768,0.2927501603313277,False,
739184621,2022,016,La Paloma,D_VULNERABLE,0.095,0.01649909655059567,0.18175332544377365,-0.06942581918772747,-0.4143430782721808,-0.05855056263298222,-0.057941745256567256,0.021590917471078875,0.4196833308760963,0.23485615427038764,False,0.0,0.5379672160003041,0.2313033500738229,0.4403047636435947,0.0517701302060029,0.0,False,0.028023715249474283,0,1.0,0.016835381271018284,0.12175277953656594,False,
739184621,2022,017,Montevideo Centro,A_CORE,0.0015,0.00025015639338155093,-0.4214214738939541,0.4915781381105785,-1.2441726710259606,0.09003252674894974,0.21832748246749883,-0.7231322688074384,-0.5380880967138089,-0.0896050388808598,False,0.0,0.5379672160003041,0.2313033500738229,0.4403047636435947,0.0517701302060029,0.0,False,-0.21290405251991135,0,1.0,0.00021460419499629834,0.07129536916849855,False,
739184621,2022,018,Pando,C_STANDARD,0.05,0.008512444610847103,-0.6441876819321837,0.37289068461309116,0.4093988786492265,0.1510463838913345,1.611136746964759,0.7687370651967266,0.36215877901150767,-0.15951034538266043,False,0.0,0.5379672160003041,0.2313033500738229,0.4403047636435947,0.0517701302060029,0.0,False,0.43905633337014877,0,1.0,0.011677334312453,0.6571861179334543,False,
739184621,2022,019,WTC,B_STRATEGIC,0.009,0.001505656136097322,-0.147922907111719,0.32863264208743836,-0.4079770925007293,-0.5644341232138721,0.5725649230405736,-0.16085331496594305,0.4365115274972618,0.13778600036194322,False,0.0,0.5379672160003041,0.2313033500738229,0.4403047636435947,0.0517701302060029,0.0,False,0.04191069256434421,0,1.0,0.0015517828142058935,0.42527311005065227,False,
739184621,2022,020,Canelones,B_STRATEGIC,0.01,0.0016736538523104416,-0.39002358712806595,-0.37193197541974754,-0.4547394336591506,-0.6009905596226909,-0.27262690898942116,0.35847046068712407,0.3519414640882748,1.0699598383903977,False,0.0,0.5379672160003041,0.2313033500738229,0.4403047636435947,0.0517701302060029,0.0,False,-0.11079318439196206,0,1.0,0.001545330926211079,0.8838321915268825,False,
739184621,2022,021,Durazno,C_STANDARD,0.03,0.005063670756198957,0.09031891376124193,0.8770788647547196,0.6331512626403404,-0.04171727262511182,-0.7094743086326976,-0.138069188812122,-0.4761283396055377,0.8418766016642568,False,0.0,0.5379672160003041,0.2313033500738229,0.4403047636435947,0.0517701302060029,0.0,False,0.18085064242374668,0,1.0,0.005767877308690306,0.7772003524334697,False,
739184621,2022,022,Rivera,B_STRATEGIC,0.012,0.002010073962457337,-0.004970743302163612,-0.027454363629190175,0.42143771786312256,-0.2750160642406335,0.1485573615071455,-0.24319202701424578,-0.0988951020700069,-0.7488180236134495,False,0.0,0.5379672160003041,0.2313033500738229,0.4403047636435947,0.0517701302060029,0.0,False,0.010855429454623436,0,1.0,0.0020258460744545514,0.10616055682206749,False,
739184621,2022,023,Las Piedras,C_STANDARD,0.042,0.007125740823183402,0.49118389963710807,0.6444761644293419,0.4925553785310568,1.2206997894366776,0.07872414602124776,0.6673200209820708,0.22808309975731228,-0.3255552881374558,False,0.0,0.5379672160003041,0.2313033500738229,0.4403047636435947,0.0517701302060029,0.0,False,0.5254979156447133,0,1.0,0.010402770815162807,0.4810327015057202,False,
739184621,2022,024,Tacuarembó,B_STRATEGIC,0.013,0.0021784968818643335,0.7654158747890241,-0.15597661352822245,-0.3968087552738173,0.6202003807775405,0.7396097673246734,0.5975219397052228,-0.3933080743784664,0.2345750492981457,False,0.0,0.5379672160003041,0.2313033500738229,0.4403047636435947,0.0517701302060029,0.0,False,0.31157239434943845,0,1.0,0.0027263596537519825,0.9136097783469141,False,
739184621,2022,025,Prado,C_STANDARD,0.048,0.008164859015498682,-0.4634068181681248,-0.041169584025359834,-0.8086598761884949,-0.3652638277708651,0.3646240913220953,0.6491060127405922,-0.1803305446233423,-0.00914084136453102,False,0.0,0.5379672160003041,0.2313033500738229,0.4403047636435947,0.0517701302060029,0.0,False,-0.09502809364715678,0,1.0,0.007624900184994062,0.24965608095400216,False,
739184621,2022,026,Carrasco,C_STANDARD,0.035,0.005920268673714868,0.24236621380543796,0.14522163853765652,-0.9202623775180876,-0.4828430445489356,-0.46704036707294594,0.23482593127167872,0.014439527072436065,-0.07698053149751449,False,0.0,0.5379672160003041,0.2313033500738229,0.4403047636435947,0.0517701302060029,0.0,False,-0.15977975004087167,0,1.0,0.00527690848435028,0.0792004394452922,False,
739184621,2022,027,Colonia del Sacramento,B_STRATEGIC,0.01,0.0016736538523104416,0.05595790064203339,0.38418885896632027,-0.37445785945939436,-0.45963741826202936,-1.2418616021451356,-0.36116983148116466,0.48142829061505416,0.07162319496223987,False,0.0,0.5379672160003041,0.2313033500738229,0.4403047636435947,0.0517701302060029,0.0,False,-0.16241621746476986,0,1.0,0.0014889475012007112,0.8144777892052526,False,
739184621,2022,028,Ciudad de la Costa,C_STANDARD,0.045,0.007644619866971847,0.9116427364582331,0.4440682496274824,-0.008716312560661549,0.08741343053694925,0.4826095249842551,-0.4154906679832687,0.2401352067639642,0.44794056254659165,False,0.0,0.5379672160003041,0.2313033500738229,0.4403047636435947,0.0517701302060029,0.0,False,0.32505348481908797,0,1.0,0.009660453797847296,0.35584716412447936,False,
739184621,2022,029,Florida,C_STANDARD,0.03,0.005063670756198957,0.053371878251749105,-0.5728966852827075,-0.07085497816716033,-0.519393191082986,-0.07136741098952319,0.9849622997685705,0.41295119955232173,-0.2609124068415585,False,0.0,0.5379672160003041,0.2313033500738229,0.4403047636435947,0.0517701302060029,0.0,False,0.01972078475324383,0,1.0,0.005136082509549989,0.8985687024325424,False,
739184621,2022,030,San José de Mayo,C_STANDARD,0.028,0.00472206159867683,-0.6852499619695945,0.6654088731402397,-0.0046044042822056125,0.8766273348122025,-0.4838684041128778,-0.789547002528577,0.7762095544440336,-1.2347734735270948,False,0.0,0.5379672160003041,0.2313033500738229,0.4403047636435947,0.0517701302060029,0.0,False,-0.03641638080679502,0,1.0,0.004599859177488139,0.75801277099923,False,
739184621,2022,031,Mercedes,B_STRATEGIC,0.011,0.0018417930403104021,-0.4952167952113816,-1.063177402017733,-0.5182857550097437,-0.5600316992246798,0.8503960550821529,-0.6024731024165898,-0.49263924711566043,0.6985949800342561,False,0.0,0.5379672160003041,0.2313033500738229,0.4403047636435947,0.0517701302060029,0.0,False,-0.26081128037048856,0,1.0,0.001526466296007765,0.6516071304250712,False,
739184621,2022,032,Salto,B_STRATEGIC,0.008,0.0013377996300605322,-0.7685117336477035,-0.34017796435783676,-0.1938388969116028,0.12068164990145402,1.1468543146509989,-1.3951551556426218,0.5747215714053313,1.1647301736826274,False,0.0,0.5379672160003041,0.2313033500738229,0.4403047636435947,0.0517701302060029,0.0,False,0.04219497188816908,0,1.0,0.0013790661634177242,0.672929871568051,False,
739184621,2022,033,Trinidad,C_STANDARD,0.038,0.006436004347869617,1.250402200323522,-0.1046659735623806,-0.6192372879620592,-0.20863921083001669,-0.054351970029272945,0.23894425919496048,0.1189200199647833,0.12288930126384254,False,0.0,0.5379672160003041,0.2313033500738229,0.4403047636435947,0.0517701302060029,0.0,False,0.12526689414565836,0,1.0,0.007043463815880956,0.6910066535423244,False,
739184621,2022,034,Paysandú,B_STRATEGIC,0.009,0.001505656136097322,-0.24220741387157788,-0.0025520000117746355,-0.06689758676275029,-0.33705299167121494,0.2712326591396721,-0.4521864374997277,0.4969882146735255,0.5710794659647513,False,0.0,0.5379672160003041,0.2313033500738229,0.4403047636435947,0.0517701302060029,0.0,False,0.021680281694159136,0,1.0,0.0015293435282745377,0.7460690976927787,False,
739184621,2022,035,Fray Bentos,C_STANDARD,0.032,0.0054058673761743226,-0.32480112420063223,-0.20146591695131932,0.15118518050636576,0.48692579438322614,0.678568089368455,0.7293643636152076,-0.07704264101567206,0.4250806764836983,False,0.0,0.5379672160003041,0.2313033500738229,0.4403047636435947,0.0517701302060029,0.0,False,0.2641388284848475,0,1.0,0.006538219438911526,0.7312231925998534,False,
739184621,2022,036,Artigas,C_STANDARD,0.04,0.006780573220505293,0.38491200217844673,0.3733934872397867,0.5233071457610704,0.44885074249742496,0.8007092180042334,-0.02870969440104315,0.13132408862949738,0.43133539330842335,False,0.0,0.5379672160003041,0.2313033500738229,0.4403047636435947,0.0517701302060029,0.0,False,0.4542272927782288,0,1.0,0.009403719429246296,0.6455831505266839,False,
739184621,2022,037,Colón,D_VULNERABLE,0.08,0.013800818181815777,0.510514756177,0.054305448515096305,0.13067901696658138,-0.16822239098157854,0.49803585845142384,-0.3479815483929541,0.31328592807621675,-0.12126336174190705,False,0.0,0.5379672160003041,0.2313033500738229,0.4403047636435947,0.0517701302060029,0.0,False,0.1797612304342753,0,1.0,0.01570777738999979,0.5376811553337095,False,
739184621,2023,001,Treinta y Tres,A_CORE,6e-05,1.0000250009190026e-05,-0.37605257285174476,0.2930798684735308,0.4690465078097194,-0.25731045357742943,-0.25121859771812965,-0.41685747319922667,-1.304018996655483,0.027505175167846674,False,0.0,0.1817788715084491,0.4225062220733649,0.3869805924257208,-0.1030861912206176,0.0,False,-0.09359831738041194,0,1.0,9.348531807983602e-06,0.4873676435246045,False,
739184621,2023,002,Vergara,D_VULNERABLE,0.075,0.012909537991917963,-0.4161360859673415,-0.5444506707328205,-1.3277382190868483,-1.0399261652036529,0.8351064768319332,0.5216989523358208,-0.1184350933955762,-0.7608186651091018,False,0.0,0.1817788715084491,0.4225062220733649,0.3869805924257208,-0.1030861912206176,0.0,False,-0.2648077157793188,0,1.0,0.010668600152678225,0.14087090787210588,False,
739184621,2023,003,José Pedro Varela,C_STANDARD,0.028,0.00472206159867683,0.5135359327439136,0.08113143717186246,0.17924217769662532,0.6438457322869082,0.4690561585189911,-0.7144696815624192,-0.5946235540414893,-0.7228174829995102,False,0.0,0.1817788715084491,0.4225062220733649,0.3869805924257208,-0.1030861912206176,0.0,False,0.12127446229814866,0,1.0,0.005152917692439587,0.2853982696802565,False,
739184621,2023,004,La Charqueada,D_VULNERABLE,0.095,0.01649909655059567,0.0679596077976724,0.007258379245926899,0.2579749232099902,-0.2989210498606763,1.208985716309958,-0.42671442239491425,0.5181350925232103,-0.6513835654115087,False,0.0,0.1817788715084491,0.4225062220733649,0.3869805924257208,-0.1030861912206176,0.0,False,0.1838894690512251,0,1.0,0.018834796610804,0.6182748259953279,False,
739184621,2023,005,Melo,B_STRATEGIC,0.006,0.0010025092058050245,0.42298193420060826,0.098713823731227,-0.5592489207555913,-0.19784272692788674,0.17500815755378216,-0.11930946491506017,-0.04823942403622086,0.27077035828551904,False,0.0,0.1817788715084491,0.4225062220733649,0.3869805924257208,-0.1030861912206176,0.0,False,0.02418069993558693,0,1.0,0.0010201158170297967,0.29438956739563427,False,
739184621,2023,006,Cerro Chato,D_VULNERABLE,0.09,0.015595556519907738,0.8445864617588952,-0.04259678021895348,-0.5767109486621761,-0.4685019883727371,0.37893682572302545,0.8393809438683122,0.5949816291585714,0.2569547865161973,False,0.0,0.1817788715084491,0.4225062220733649,0.3869805924257208,-0.1030861912206176,0.0,False,0.22831298190992527,0,1.0,0.018381990023228933,0.7555942714821444,False,
739184621,2023,007,Santa Clara de Olimar,D_VULNERABLE,0.12,0.021080201746559446,-0.5567962739679096,-0.029641650845846135,0.658457531896212,0.20593109741993942,-0.34732967520998953,0.7236631685356738,0.5847811692820846,-0.0008268033665887187,False,0.0,0.1817788715084491,0.4225062220733649,0.3869805924257208,-0.1030861912206176,0.0,False,0.16914304539140396,0,1.0,0.023810276824533707,0.6011549409378483,False,
739184621,2023,008,Rocha,B_STRATEGIC,0.011,0.0018417930403104021,0.014107277569557347,-0.16806654306412894,-0.6112669510386308,-0.7268539696031904,-0.35391560072007694,0.07531466138940197,-0.49242700310485177,0.2702917459446133,False,0.0,0.1817788715084491,0.4225062220733649,0.3869805924257208,-0.1030861912206176,0.0,False,-0.23837634195347096,0,1.0,0.0015513237665012998,0.033893984644320585,False,
739184621,2023,009,Chuy,D_VULNERABLE,0.085,0.014696144149711432,0.07810796218790372,-0.673451379730794,-0.33152703285998075,-0.013733750583653247,-0.06844528880892156,0.18227079529336238,0.16693803120904122,-0.22156798338270925,False,0.0,0.1817788715084491,0.4225062220733649,0.3869805924257208,-0.1030861912206176,0.0,False,-0.09242559947398976,0,1.0,0.013749998637412714,0.6579754161107345,False,
739184621,2023,010,Río Branco,C_STANDARD,0.045,0.007644619866971847,-0.02362197875821681,0.3935034261538372,0.2753397617849856,1.235418221740062,0.579402370030998,-0.6645386366328447,0.8886511085062561,-1.2759643081461245,False,0.0,0.1817788715084491,0.4225062220733649,0.3869805924257208,-0.1030861912206176,0.0,False,0.29356099599184055,0,1.0,0.009443871684724135,0.13719406111044152,False,
739184621,2023,011,Aceguá,D_VULNERABLE,0.1,0.01740680614731016,0.37685577825661154,0.4939531082899232,-0.057475064754835326,-0.5698822647321157,0.1157246040606118,0.09393931320691484,0.019355344785767392,-0.49859728406487,False,0.0,0.1817788715084491,0.4225062220733649,0.3869805924257208,-0.1030861912206176,0.0,False,0.08150125425771923,0,1.0,0.01845881788936357,0.14198683779277133,False,
739184621,2023,012,Minas,B_STRATEGIC,0.012,0.002010073962457337,0.08926334153241328,-1.7437359130519583,-0.1685362646575927,0.05780339914390936,-0.6649220678976293,-1.0304833917824894,1.3482307873207986,-0.9222019032048597,False,0.0,0.1817788715084491,0.4225062220733649,0.3869805924257208,-0.1030861912206176,0.0,False,-0.2860611770454083,0,1.0,0.0016359234909495619,0.11524965676025645,False,
739184621,2023,013,Maldonado,B_STRATEGIC,0.006,0.0010025092058050245,0.09489324551757783,-0.41470480858948977,-0.051954739670268923,-0.5897931546350121,0.30375150699330405,1.244888721075882,0.5545719980365073,-1.0517453119142528,False,0.0,0.1817788715084491,0.4225062220733649,0.3869805924257208,-0.1030861912206176,0.0,False,0.08458102098855504,0,1.0,0.0010654576211765081,0.9242831301805507,False,
739184621,2023,014,Piriápolis,D_VULNERABLE,0.11,0.01923490498096092,0.5545411018700773,-0.6550663382390947,0.3507894071869379,-0.1720741507408718,-0.5344405354748656,0.4173913233711255,0.9837054447694746,-0.07461861046280532,False,0.0,0.1817788715084491,0.4225062220733649,0.3869805924257208,-0.1030861912206176,0.0,False,0.11254924963495208,0,1.0,0.020858510783777574,0.5890150671710717,False,
739184621,2023,015,Punta del Este,B_STRATEGIC,0.01,0.0016736538523104416,0.2965503357966834,0.27981485704635356,-0.16803520989069043,-0.5641601809925425,-0.4176608207822805,-0.35550367989884923,-0.01286170625061761,0.22608736045075387,False,0.0,0.1817788715084491,0.4225062220733649,0.3869805924257208,-0.1030861912206176,0.0,False,-0.064422903775659,0,1.0,0.0015977952035941506,0.8864179354597349,False,
739184621,2023,016,La Paloma,D_VULNERABLE,0.095,0.01649909655059567,0.15814414013641165,-1.0446739967175218,-0.6339190945820703,-0.7562637132233521,-0.1883368452585079,0.47734345041270937,0.41446726060768807,-0.5061712946908536,False,0.0,0.1817788715084491,0.4225062220733649,0.3869805924257208,-0.1030861912206176,0.0,False,-0.24934213392171617,0,1.0,0.01378773306441998,0.9196697242519741,False,
739184621,2023,017,Montevideo Centro,A_CORE,0.0015,0.00025015639338155093,0.3307923599371851,0.16693766242455754,-1.485597214855689,0.22515953964828625,-0.14427458247543215,-1.1711976707835257,0.08761731738152823,0.20981156925868802,False,0.0,0.1817788715084491,0.4225062220733649,0.3869805924257208,-0.1030861912206176,0.0,False,-0.15123766140230216,0,1.0,0.00022434727352853932,0.9800821778259298,False,
739184621,2023,018,Pando,C_STANDARD,0.05,0.008512444610847103,-1.2949180837594596,0.049400689530917696,0.09277801409451195,-0.22118703734979453,1.328670619693693,0.8330171060467246,0.824403476322822,-0.12868857053727858,False,0.0,0.1817788715084491,0.4225062220733649,0.3869805924257208,-0.1030861912206176,0.0,False,0.2410506975388694,0,1.0,0.010125790326457015,0.412597408752593,False,
739184621,2023,019,WTC,B_STRATEGIC,0.009,0.001505656136097322,0.011738601380564678,0.8838534672523702,-0.2506894689928403,-1.1014969525644143,0.04428357463768323,-0.6329017115581301,1.3804525820643514,0.19128697516039586,False,0.0,0.1817788715084491,0.4225062220733649,0.3869805924257208,-0.1030861912206176,0.0,False,0.05610175077125849,0,1.0,0.0015677195297207438,0.5640633449398048,False,
739184621,2023,020,Canelones,B_STRATEGIC,0.01,0.0016736538523104416,-0.19226661449781238,-0.46116258484722206,0.6228854197169424,-0.5577512267169175,-0.2546296145443741,0.9409950074983596,-0.06059966637673814,1.2403007887410396,False,0.0,0.1817788715084491,0.4225062220733649,0.3869805924257208,-0.1030861912206176,0.0,False,0.14095371995502004,0,1.0,0.0018524254792734866,0.6387252361393587,False,
739184621,2023,021,Durazno,C_STANDARD,0.03,0.005063670756198957,0.5719966563564098,1.2985244357263592,0.16467404613016462,-0.32328220865045537,-0.3168523262331753,-0.607431440975559,-0.7139754614247616,0.9555495579347191,False,0.0,0.1817788715084491,0.4225062220733649,0.3869805924257208,-0.1030861912206176,0.0,False,0.18484251179120326,0,1.0,0.005784478876101273,0.6381177198020255,False,
739184621,2023,022,Rivera,B_STRATEGIC,0.012,0.002010073962457337,-0.255960748287786,-0.6147147852598531,-0.270377315429901,0.1791902013512321,0.42321422580816004,-0.19589779451253442,0.12280257593194831,-0.6795119353967547,False,0.0,0.1817788715084491,0.4225062220733649,0.3869805924257208,-0.1030861912206176,0.0,False,-0.10798467327140768,0,1.0,0.0018597137050858062,0.765383217433862,False,
739184621,2023,023,Las Piedras,C_STANDARD,0.042,0.007125740823183402,-0.5233798551136324,0.4442725064763226,-0.07475630179886095,1.0079483835123646,0.5932532103546285,0.6286580282590832,0.39563645844580647,-0.4277780343029234,False,0.0,0.1817788715084491,0.4225062220733649,0.3869805924257208,-0.1030861912206176,0.0,False,0.29676786581663395,0,1.0,0.008823217146242521,0.39795113154140227,False,
739184621,2023,024,Tacuarembó,B_STRATEGIC,0.013,0.0021784968818643335,0.8550699592677046,-0.49235943992742026,-0.5540915427115293,0.8964937186418143,0.5638237569625971,-0.04482699704233434,-1.1307650106113207,-0.5813167525280001,False,0.0,0.1817788715084491,0.4225062220733649,0.3869805924257208,-0.1030861912206176,0.0,False,0.06991406674129608,0,1.0,0.002290965314143171,0.8156848557081628,False,
739184621,2023,025,Prado,C_STANDARD,0.048,0.008164859015498682,-0.10569575337741677,-0.014908065396859637,-0.8913269258846936,-0.31658091998093246,0.5447270574129566,1.0416438005293092,0.2233815870061524,0.6303694032556805,False,0.0,0.1817788715084491,0.4225062220733649,0.3869805924257208,-0.1030861912206176,0.0,False,0.0999439791461398,0,1.0,0.008774055465738971,0.045215597426826126,False,
739184621,2023,026,Carrasco,C_STANDARD,0.035,0.005920268673714868,-0.0472721007858615,0.6484413563427607,-0.35113959087806496,0.15461775907246167,-0.1370020551197927,-0.13373996337393534,0.036006124067874734,-0.5929469707035379,False,0.0,0.1817788715084491,0.4225062220733649,0.3869805924257208,-0.1030861912206176,0.0,False,0.006024532755444893,0,1.0,0.00594600458405596,0.09396684344882589,False,
739184621,2023,027,Colonia del Sacramento,B_STRATEGIC,0.01,0.0016736538523104416,0.5483713459600856,-0.03574617392180879,0.29898200496838434,-0.8766473291072632,-0.1750231041981909,-0.3237754692945479,0.34752535430595416,-0.7951826727681167,False,0.0,0.1817788715084491,0.4225062220733649,0.3869805924257208,-0.1030861912206176,0.0,False,-0.03138872255508077,0,1.0,0.0016362536871575568,0.2342518144462915,False,
739184621,2023,028,Ciudad de la Costa,C_STANDARD,0.045,0.007644619866971847,0.5153927511566665,-0.4157220197766633,0.6544018440219754,-0.2762931966466672,0.9581166848408611,-0.6384260371512683,0.8821991943111936,0.2742487173186714,False,0.0,0.1817788715084491,0.4225062220733649,0.3869805924257208,-0.1030861912206176,0.0,False,0.2927787430586544,0,1.0,0.009438554184976694,0.36398896885257226,False,
739184621,2023,029,Florida,C_STANDARD,0.03,0.005063670756198957,0.3924015939255199,-0.29115121945483763,-0.39169586854983457,-0.4400898651270536,-0.163567504101312,0.5926025073827434,0.21912286761985977,-0.1958521487241875,False,0.0,0.1817788715084491,0.4225062220733649,0.3869805924257208,-0.1030861912206176,0.0,False,-0.012204599591367452,0,1.0,0.0050193696318487895,0.7107326427811078,False,
739184621,2023,030,San José de Mayo,C_STANDARD,0.028,0.00472206159867683,-0.8345012231778917,1.0436597928385576,-0.3292959687288217,-0.0715845060279584,0.4348856179043433,-0.39729449393357535,0.7120870579252012,-0.6839478399269358,False,0.0,0.1817788715084491,0.4225062220733649,0.3869805924257208,-0.1030861912206176,0.0,False,0.021712910608784747,0,1.0,0.004796463038218736,0.933523160019872,False,
739184621,2023,031,Mercedes,B_STRATEGIC,0.011,0.0018417930403104021,-0.3376700350671778,-0.21071718555831292,0.41831498985885224,-0.7949846933373198,0.21147075637784524,-1.0362366359137898,0.10841442259193673,-0.3010080408309557,False,0.0,0.1817788715084491,0.4225062220733649,0.3869805924257208,-0.1030861912206176,0.0,False,-0.16641426251427707,0,1.0,0.0016338207765436974,0.7546471091933514,False,
739184621,2023,032,Salto,B_STRATEGIC,0.008,0.0013377996300605322,0.053975136398786705,-0.13071842890173518,-0.9362427256755166,0.9221847131146517,0.6737734127649672,-0.9837808118697534,0.6424006473479165,2.0565766417572178,False,0.0,0.1817788715084491,0.4225062220733649,0.3869805924257208,-0.1030861912206176,0.0,False,0.15835938306628078,0,1.0,0.0014993698996893954,0.1849668099541334,False,
739184621,2023,033,Trinidad,C_STANDARD,0.038,0.006436004347869617,0.7939311569502978,0.02627384039166676,0.12033101755933578,0.05007119059131365,-0.339667072171761,-0.07767486625610709,0.3680285379220748,0.5254748685019319,True,1.2252162672037463,0.1817788715084491,0.4225062220733649,0.3869805924257208,-0.1030861912206176,0.0,False,0.31640699206877365,0,1.0,0.00808265929436199,0.4412677371118202,False,
739184621,2023,034,Paysandú,B_STRATEGIC,0.009,0.001505656136097322,-0.5610615625028138,-0.06188419200844239,0.4313906451352484,0.4826242847000686,1.295609675955105,-0.1605593730451429,0.16857129030440962,-0.019784383682770135,False,0.0,0.1817788715084491,0.4225062220733649,0.3869805924257208,-0.1030861912206176,0.0,False,0.26430148481737603,0,1.0,0.001821255034967667,0.3340777484227353,False,
739184621,2023,035,Fray Bentos,C_STANDARD,0.032,0.0054058673761743226,0.6930132716003452,-0.15449659232258017,-0.5398508432270268,0.39429423622314697,-0.1112507251205267,0.6023445227528558,-0.30906380302118575,0.7994436684627397,False,0.0,0.1817788715084491,0.4225062220733649,0.3869805924257208,-0.1030861912206176,0.0,False,0.16339087856860632,0,1.0,0.006080739685718798,0.8550329975125013,False,
739184621,2023,036,Artigas,C_STANDARD,0.04,0.006780573220505293,0.19831591393418602,0.004936804600361833,0.4405116825497584,0.5593599254752466,0.558872832907168,1.2328291901356043,-0.17316951753163035,0.6168013247866553,False,0.0,0.1817788715084491,0.4225062220733649,0.3869805924257208,-0.1030861912206176,0.0,False,0.4722397351521223,0,1.0,0.009526470130242194,0.9566278484852468,False,
739184621,2023,037,Colón,D_VULNERABLE,0.08,0.013800818181815777,0.3118958100090805,0.614212837035754,-0.30449030563393564,-0.7753413840020899,0.7868614183399114,-0.7280416702046436,0.7387104899182575,0.6122620012933956,False,0.0,0.1817788715084491,0.4225062220733649,0.3869805924257208,-0.1030861912206176,0.0,False,0.15928730150134765,0,1.0,0.015477923773757825,0.3969784579337272,False,
739184621,2024,001,Treinta y Tres,A_CORE,6e-05,1.0000250009190026e-05,-0.10552542907421228,-0.07151551760495331,0.8090297085079394,-0.26122692322758606,-0.5478351333093074,-0.484342640082019,-0.45507056178443606,0.22614252489297468,False,0.0,0.0325140691981757,0.6158424508788648,0.0256922088423002,-0.2340679080004454,0.0,False,-0.07795600128904095,0,1.0,9.454414475294507e-06,0.7046732195983925,False,
739184621,2024,002,Vergara,D_VULNERABLE,0.075,0.012909537991917963,-0.26169771432816613,-0.058716055813624934,0.37546807884134403,-1.0601877931917656,1.0689628239889426,0.4812480009380538,0.30083732414701153,0.04107238677863656,False,0.0,0.0325140691981757,0.6158424508788648,0.0256922088423002,-0.2340679080004454,0.0,False,0.14396012604129946,0,1.0,0.014319435038416164,0.9658668131558877,False,
739184621,2024,003,José Pedro Varela,C_STANDARD,0.028,0.00472206159867683,0.30488807348175867,0.27887345522978857,0.9676456544549045,0.3467443238948632,-0.2662256521848567,-0.346929417810412,-0.5388658387209475,0.050544938383986215,False,0.0,0.0325140691981757,0.6158424508788648,0.0256922088423002,-0.2340679080004454,0.0,False,0.17231729638760687,0,1.0,0.0053458146001935224,0.3613295219290945,False,
739184621,2024,004,La Charqueada,D_VULNERABLE,0.095,0.01649909655059567,0.10235573385418811,-0.5271549436311281,-0.24135624766623565,-0.37878778333981505,0.3413165014325691,-0.504747416745691,-0.32856948207967085,-1.0075375180346708,False,0.0,0.0325140691981757,0.6158424508788648,0.0256922088423002,-0.2340679080004454,0.0,False,-0.2480219806110088,0,1.0,0.013800844678240904,0.12601997495776185,False,
739184621,2024,005,Melo,B_STRATEGIC,0.006,0.0010025092058050245,0.7831505320270529,-0.017027606443512894,-0.7256042183552862,-0.8977353611928285,0.17818857589390918,-0.6095489596705702,0.11649263967225156,0.32639394667669547,False,0.0,0.0325140691981757,0.6158424508788648,0.0256922088423002,-0.2340679080004454,0.0,False,-0.12767362601257518,0,1.0,0.0009144623813772833,0.5179609876861401,False,
739184621,2024,006,Cerro Chato,D_VULNERABLE,0.09,0.015595556519907738,0.7790023681974863,-0.639432396461311,-0.8094971107943735,-0.943996596392193,0.7214314071686749,-0.5963332584967885,0.517240080667964,-0.060342738340290025,False,0.0,0.0325140691981757,0.6158424508788648,0.0256922088423002,-0.2340679080004454,0.0,False,-0.1471851249675338,0,1.0,0.014027402601713885,0.030779419829664145,False,
739184621,2024,007,Santa Clara de Olimar,D_VULNERABLE,0.12,0.021080201746559446,-0.23657376247144918,0.22606642502216068,0.44833028457427027,0.5204266098035467,-0.7052238599229979,1.5843123957326604,0.6972188281724663,-0.05475307730192475,False,0.0,0.0325140691981757,0.6158424508788648,0.0256922088423002,-0.2340679080004454,0.0,False,0.27367849691279883,0,1.0,0.02567153554937902,0.9345314137434064,False,
739184621,2024,008,Rocha,B_STRATEGIC,0.011,0.0018417930403104021,0.45942690025317695,-0.7080197694175411,-1.121824424509282,-1.154950740554132,-0.7009378759191538,-0.018254974753533874,-0.14425546529417593,0.5462150138983535,False,0.0,0.0325140691981757,0.6158424508788648,0.0256922088423002,-0.2340679080004454,0.0,False,-0.3982761764051957,0,1.0,0.0013826206617478913,0.4394687781813579,False,
739184621,2024,009,Chuy,D_VULNERABLE,0.085,0.014696144149711432,0.22209666872186085,-0.29387623631211746,0.20674164391880662,-0.4112903861584737,0.02475105544764715,-0.020251104301099387,-0.011423666562722756,0.6778313129313829,False,0.0,0.0325140691981757,0.6158424508788648,0.0256922088423002,-0.2340679080004454,0.0,False,0.028349105617187113,0,1.0,0.014999194695299298,0.7365227696746887,False,
739184621,2024,010,Río Branco,C_STANDARD,0.045,0.007644619866971847,-0.11764749406726172,-0.09900676269011421,0.11287733683860458,0.7917047176832096,0.15121543360461603,-0.4929666119515697,0.5610472174960832,-1.253641174286761,False,0.0,0.0325140691981757,0.6158424508788648,0.0256922088423002,-0.2340679080004454,0.0,False,0.02366496238826339,0,1.0,0.0077759908306670135,0.5452822989242192,False,
739184621,2024,011,Aceguá,D_VULNERABLE,0.1,0.01740680614731016,-0.0071066041161953475,0.5189198023033545,-0.04267392936789338,-0.6111308248121499,0.3173895397016425,0.4960088964767171,0.7757258003296857,-0.46692990501194553,False,0.0,0.0325140691981757,0.6158424508788648,0.0256922088423002,-0.2340679080004454,0.0,False,0.1300642048272616,0,1.0,0.01911565274933958,0.5118822675463462,False,
739184621,2024,012,Minas,B_STRATEGIC,0.012,0.002010073962457337,-0.03612542226353071,-0.7561504762843156,-0.433415042299877,0.077220736385681,0.05549116349809535,-1.101864937445622,0.7221306610124754,-0.5871875310759508,False,0.0,0.0325140691981757,0.6158424508788648,0.0256922088423002,-0.2340679080004454,0.0,False,-0.2681337277294054,0,1.0,0.0016571764736445975,0.004110625851423966,False,
739184621,2024,013,Maldonado,B_STRATEGIC,0.006,0.0010025092058050245,-0.225425941104398,-0.7617967580434069,-0.3025749831279743,-0.6435285521013334,-0.6138947801185917,0.20903101192033102,0.3747681286267777,-1.022321691147152,False,0.0,0.0325140691981757,0.6158424508788648,0.0256922088423002,-0.2340679080004454,0.0,False,-0.37357643508862914,0,1.0,0.0007660797746140113,0.6481999554751601,False,
739184621,2024,014,Piriápolis,D_VULNERABLE,0.11,0.01923490498096092,-0.07191902274525186,-0.6182014113572576,1.028911602914101,0.0651350159654753,-0.9423524712004381,0.22165734502046242,0.23845109453432012,-0.3132224006953747,False,0.0,0.0325140691981757,0.6158424508788648,0.0256922088423002,-0.2340679080004454,0.0,False,-0.029639125469860472,0,1.0,0.018828777657865222,0.8547565662789178,False,
739184621,2024,015,Punta del Este,B_STRATEGIC,0.01,0.0016736538523104416,-0.01259367053862162,0.9171838018204068,-0.1260925864101279,-0.9487640260732451,-0.5941709898172608,-0.33957303117550297,0.2202769891285144,-0.20107875574002876,False,0.0,0.0325140691981757,0.6158424508788648,0.0256922088423002,-0.2340679080004454,0.0,False,-0.13252928624538773,0,1.0,0.0015213347671452365,0.5979024749426791,False,
739184621,2024,016,La Paloma,D_VULNERABLE,0.095,0.01649909655059567,-0.08512453750507129,-0.4945849943614967,-0.6448834674082836,-0.7849292677208093,-0.9170726882652682,0.5890348280473585,0.5100970531487123,-0.668517699193733,False,0.0,0.0325140691981757,0.6158424508788648,0.0256922088423002,-0.2340679080004454,0.0,False,-0.3561282591038171,0,1.0,0.012767377417314565,0.6447527511032334,False,
739184621,2024,017,Montevideo Centro,A_CORE,0.0015,0.00025015639338155093,-0.4523236062742478,-0.32501673056972863,-0.9107459536038429,-0.3675229217597271,0.14281101786281664,-0.7250392269738893,0.5088405755400347,0.11461538074624994,False,0.0,0.0325140691981757,0.6158424508788648,0.0256922088423002,-0.2340679080004454,0.0,False,-0.3265639569224937,0,1.0,0.00019774142577890197,0.6458958409354162,False,
739184621,2024,018,Pando,C_STANDARD,0.05,0.008512444610847103,-1.3234760940057242,-0.519908231126525,-0.414164328300645,0.5453117616823288,0.9931250880645313,1.2111232509901968,1.0639378111142788,-0.22276608193338848,False,0.0,0.0325140691981757,0.6158424508788648,0.0256922088423002,-0.2340679080004454,0.0,False,0.13863649659959473,0,1.0,0.00940599678955602,0.4578966556235682,False,
739184621,2024,019,WTC,B_STRATEGIC,0.009,0.001505656136097322,0.1910401372169945,0.46145488540584845,-0.46090802805479897,-0.6131525099729129,0.3256706181872781,-0.7078953344963436,1.3698677163647854,0.14161410625838433,False,0.0,0.0325140691981757,0.6158424508788648,0.0256922088423002,-0.2340679080004454,0.0,False,0.027301816793332843,0,1.0,0.0015355460982666937,0.13533338230313752,False,
739184621,2024,020,Canelones,B_STRATEGIC,0.01,0.0016736538523104416,-0.3447458327015353,0.29437865053693807,1.1263129973126167,-0.6341112360122836,-0.3898778221927689,0.4786978120501526,-0.15830592403743565,0.26749483483552494,False,0.0,0.0325140691981757,0.6158424508788648,0.0256922088423002,-0.2340679080004454,0.0,False,0.11247244690843675,0,1.0,0.001814825525096384,0.4323728174491617,False,
739184621,2024,021,Durazno,C_STANDARD,0.03,0.005063670756198957,0.28083619076746996,0.11972370302896451,-0.22769423157786717,0.021245341582081134,-0.3638834177683422,-0.6722202842069478,-0.5417926855045723,-0.16313759945960016,False,0.0,0.0325140691981757,0.6158424508788648,0.0256922088423002,-0.2340679080004454,0.0,False,-0.164714604027605,0,1.0,0.004497389652660892,0.8106626919790594,False,
739184621,2024,022,Rivera,B_STRATEGIC,0.012,0.002010073962457337,0.009134128832658933,-0.9274776415928105,-0.33364609070015855,-0.002759304993626796,0.09875327122618696,-0.13371388075991159,-0.05737438481100353,-0.06277749123024606,False,0.0,0.0325140691981757,0.6158424508788648,0.0256922088423002,-0.2340679080004454,0.0,False,-0.19317553181038563,0,1.0,0.0017490716049949051,0.47551675347751843,False,
739184621,2024,023,Las Piedras,C_STANDARD,0.042,0.007125740823183402,0.06405006995403889,0.28726122403871746,0.2727899423849944,0.5041844210568334,0.22476830892789723,0.4787181798911271,-0.04539939316732883,-0.9179456598918052,False,0.0,0.0325140691981757,0.6158424508788648,0.0256922088423002,-0.2340679080004454,0.0,False,0.18254300375533253,0,1.0,0.008126616470450656,0.5965317021371083,False,
739184621,2024,024,Tacuarembó,B_STRATEGIC,0.013,0.0021784968818643335,-0.4879810619151206,0.10365535520346608,-0.2817699579999842,0.5510122534584918,0.3472426214176859,-0.47087205046549735,-1.028501225967883,0.10580324018088755,False,0.0,0.0325140691981757,0.6158424508788648,0.0256922088423002,-0.2340679080004454,0.0,False,-0.11490763715007578,0,1.0,0.0020055165058864297,0.9286971138246544,False,
739184621,2024,025,Prado,C_STANDARD,0.048,0.008164859015498682,-0.11469766057588901,0.4041695089475072,-0.04410136107513085,0.0485126388065204,0.08424138812059684,0.49366577312321136,0.4179579949012685,0.45305934876476744,False,0.0,0.0325140691981757,0.6158424508788648,0.0256922088423002,-0.2340679080004454,0.0,False,0.17729948332301798,0,1.0,0.009276599879211906,0.9066822426179783,False,
739184621,2024,026,Carrasco,C_STANDARD,0.035,0.005920268673714868,-0.7293611558334818,0.6535885349483336,-0.5720090786244325,0.3989863376374433,-0.007726775901204762,0.8288281852682128,0.33538837227808543,-0.42047509722217996,False,0.0,0.0325140691981757,0.6158424508788648,0.0256922088423002,-0.2340679080004454,0.0,False,0.031002438376013165,0,1.0,0.006053905418919734,0.016831901107514313,False,
739184621,2024,027,Colonia del Sacramento,B_STRATEGIC,0.01,0.0016736538523104416,0.19549962618357974,0.4005521237771386,-0.2780835767064008,-1.0594093958794382,-0.29302963178347574,0.09350496306420969,0.5762290364120304,-0.9300050985545547,False,0.0,0.0325140691981757,0.6158424508788648,0.0256922088423002,-0.2340679080004454,0.0,False,-0.13103862908519434,0,1.0,0.0015229684514490294,0.8674064705276895,False,
739184621,2024,028,Ciudad de la Costa,C_STANDARD,0.045,0.007644619866971847,0.13708977705344028,0.5800909138599856,0.4263153134857233,-0.680877955026464,0.3367663026373513,-0.4788954826844467,1.2090855623591155,-0.6761203190662941,False,0.0,0.0325140691981757,0.6158424508788648,0.0256922088423002,-0.2340679080004454,0.0,False,0.1375595741995991,0,1.0,0.008440529203492867,0.9759954085978699,False,
739184621,2024,029,Florida,C_STANDARD,0.03,0.005063670756198957,1.0723486182651039,1.000598187782328,0.06255026951525766,-0.3317467484025519,-1.0068438364786876,0.16495641347668988,0.3060720438682073,-0.34273194302083687,False,0.0,0.0325140691981757,0.6158424508788648,0.0256922088423002,-0.2340679080004454,0.0,False,0.14461849303800992,0,1.0,0.005619355519966187,0.4766024841584453,False,
739184621,2024,030,San José de Mayo,C_STANDARD,0.028,0.00472206159867683,-0.6832365861559673,0.5001809257505861,-0.5180095458125414,-0.31661442507637777,1.5902366792160938,-0.547496253825567,0.214480600485154,-0.3916767354291987,False,0.0,0.0325140691981757,0.6158424508788648,0.0256922088423002,-0.2340679080004454,0.0,False,0.0066307367507340564,0,1.0,0.004744659235904642,0.2671328936486175,False,
739184621,2024,031,Mercedes,B_STRATEGIC,0.011,0.0018417930403104021,-0.6493231097639092,0.5578259597766893,0.5933795347639539,0.08331287198679604,-0.2684828389145618,-1.4842511121837902,-0.02890608177313707,-0.440992363152787,False,0.0,0.0325140691981757,0.6158424508788648,0.0256922088423002,-0.2340679080004454,0.0,False,-0.09931592346306249,0,1.0,0.0017146896646057634,0.5300565708434397,False,
739184621,2024,032,Salto,B_STRATEGIC,0.008,0.0013377996300605322,0.40316749915367184,-0.08480235030204666,-0.6147702000473969,0.4035069929091294,0.9948704586239733,-1.2097269449341974,1.0773881099650786,1.9638942805568869,True,0.938677872663425,0.0325140691981757,0.6158424508788648,0.0256922088423002,-0.2340679080004454,0.0,False,0.34184392635215916,0,1.0,0.001711129748744502,0.30408571019349206,False,
739184621,2024,033,Trinidad,C_STANDARD,0.038,0.006436004347869617,0.6552875025323687,0.28540264227495143,-0.1257081131537938,-0.1528120600135731,-0.2903347388919971,0.1424036995097645,0.5256542869847471,0.2209959441555287,False,0.0,0.0325140691981757,0.6158424508788648,0.0256922088423002,-0.2340679080004454,0.0,False,0.13217118190184377,0,1.0,0.007078564660987426,0.9762794826983212,False,
739184621,2024,034,Paysandú,B_STRATEGIC,0.009,0.001505656136097322,-0.012981570125626785,0.18742952825141956,0.3689786035829531,-0.022372750260580943,0.6716460217538897,-0.9016573045292635,0.14115936113267358,-0.2183583378994172,False,0.0,0.0325140691981757,0.6158424508788648,0.0256922088423002,-0.2340679080004454,0.0,False,0.07545944385564356,0,1.0,0.0015897226604023754,0.7331260501894475,False,
739184621,2024,035,Fray Bentos,C_STANDARD,0.032,0.0054058673761743226,0.5926018964276044,-0.7787930694430946,-0.497865596353514,0.04932664906199824,-0.12137277058089985,0.37626153871313217,0.012107311575400015,1.06623623611612,False,0.0,0.0325140691981757,0.6158424508788648,0.0256922088423002,-0.2340679080004454,0.0,False,0.0062611126462811095,0,1.0,0.005430292044133108,0.7440490189477469,False,
739184621,2024,036,Artigas,C_STANDARD,0.04,0.006780573220505293,-0.11578098968302677,0.12755163697292946,0.5626770011604354,0.23047556279978737,-0.33568699788588996,1.1585892436380916,-0.37355113384236116,-0.35846577367039806,False,0.0,0.0325140691981757,0.6158424508788648,0.0256922088423002,-0.2340679080004454,0.0,False,0.1600724240306054,0,1.0,0.007608863284872629,0.3680237408400101,False,
739184621,2024,037,Colón,D_VULNERABLE,0.08,0.013800818181815777,0.13090008962778782,0.2067715108679511,-0.2030848975306959,-0.7807489571877425,0.35298081576172147,-0.4117627264803203,0.6406924730205211,0.7452534739474985,False,0.0,0.0325140691981757,0.6158424508788648,0.0256922088423002,-0.2340679080004454,0.0,False,0.02989667461175032,0,1.0,0.014101109534291745,0.7798913385193269,False,
739184621,2025,001,Treinta y Tres,A_CORE,6e-05,1.0000250009190026e-05,0.2830713238830685,0.6960611834354423,0.973909620530329,-0.7227643967697944,-0.970621369642456,-0.8166670507716589,-0.6523617358694469,0.8585901890312246,False,0.0,-0.692907143115567,-0.171113726664684,-0.0443198900121706,-0.0521783492914545,0.0,False,-0.02137069403635168,0,1.0,9.84755492981774e-06,0.6690521357788302,False,
739184621,2025,002,Vergara,D_VULNERABLE,0.075,0.012909537991917963,-0.3349592760140004,-0.19497228799078714,0.6634602733122132,-0.8829404650281729,1.4566815283634227,0.7881998847187042,0.5323762661944671,-0.4540466234557244,False,0.0,-0.692907143115567,-0.171113726664684,-0.0443198900121706,-0.0521783492914545,0.0,False,0.24875644301208277,0,1.0,0.015441690954038684,0.17925588655749936,False,
739184621,2025,003,José Pedro Varela,C_STANDARD,0.028,0.00472206159867683,0.1395507874384732,0.8051785743473424,0.4744376711472406,0.19538370333803798,-0.39556476000146223,0.3853944840015302,-0.18286295115550538,0.018177404284227396,False,0.0,-0.692907143115567,-0.171113726664684,-0.0443198900121706,-0.0521783492914545,0.0,False,0.20688208430619712,0,1.0,0.005480523273785269,0.0712575741019642,False,
739184621,2025,004,La Charqueada,D_VULNERABLE,0.095,0.01649909655059567,0.9766546148862413,-0.48844317437275564,-0.5219036976085629,-0.04680938703281379,0.1883045555745394,0.24875222039943196,0.3139131428220869,-1.0700266662088798,False,0.0,-0.692907143115567,-0.171113726664684,-0.0443198900121706,-0.0521783492914545,0.0,False,-0.007447595007980331,0,1.0,0.016410860749889268,0.320330774806712,False,
739184621,2025,005,Melo,B_STRATEGIC,0.006,0.0010025092058050245,0.8532540896725261,0.26950538475600344,-0.1520840106616581,-0.5824278996029022,0.26844714090314065,0.2333727167755626,0.08419646666193843,0.2959878318230046,False,0.0,-0.692907143115567,-0.171113726664684,-0.0443198900121706,-0.0521783492914545,0.0,False,0.1612679112597762,0,1.0,0.0011259408070534158,0.3065820090388197,False,
739184621,2025,006,Cerro Chato,D_VULNERABLE,0.09,0.015595556519907738,0.3389867061258216,-0.30237293141442323,-0.2501507493568228,0.027401537144492782,0.31275120186678623,0.49393315937336874,1.1690378451191876,0.08233530103739164,False,0.0,-0.692907143115567,-0.171113726664684,-0.0443198900121706,-0.0521783492914545,0.0,False,0.17031752167329078,0,1.0,0.01763022309863958,0.1433239624917786,False,
739184621,2025,007,Santa Clara de Olimar,D_VULNERABLE,0.12,0.021080201746559446,0.1270317722151647,0.09828015601586772,0.20476378242355245,0.002341876907592355,-0.4968894122045283,0.5074262583956856,0.5765046300800868,0.07077850659804649,False,0.0,-0.692907143115567,-0.171113726664684,-0.0443198900121706,-0.0521783492914545,0.0,False,0.10090547195926734,0,1.0,0.022668725289009924,0.31781530853820084,False,
739184621,2025,008,Rocha,B_STRATEGIC,0.011,0.0018417930403104021,0.374048361748071,-0.31618008713882845,-0.8318937662435681,-1.0512129476549381,-0.8795475481095802,-0.4397782976920127,-0.18140080915258655,0.1297041507830078,False,0.0,-0.692907143115567,-0.171113726664684,-0.0443198900121706,-0.0521783492914545,0.0,False,-0.4441501893167239,0,1.0,0.0013376996226711927,0.5479187633986626,False,
739184621,2025,009,Chuy,D_VULNERABLE,0.085,0.014696144149711432,-0.550863244753409,-0.29892669099299657,-0.033396185364670344,-0.6789430503221234,-0.11353970901142214,-0.7685550534216474,0.35037075576848,0.7438430810976671,False,0.0,-0.692907143115567,-0.171113726664684,-0.0443198900121706,-0.0521783492914545,0.0,False,-0.2452206166278926,0,1.0,0.012317565248785202,0.9605939299904704,False,
739184621,2025,010,Río Branco,C_STANDARD,0.045,0.007644619866971847,-0.10520757117222432,0.30454369830945094,0.46859601168682774,-0.39084144671495746,0.058633143455892614,-0.10829645160345513,-0.1241922885220137,-0.8251474445901906,False,0.0,-0.692907143115567,-0.171113726664684,-0.0443198900121706,-0.0521783492914545,0.0,False,-0.016712965409866914,0,1.0,0.007553180855938343,0.8225235762458423,False,
739184621,2025,011,Aceguá,D_VULNERABLE,0.1,0.01740680614731016,0.6566490940655776,0.4394322297404976,-0.10447783569861704,-0.5471288482262529,0.3819173287908952,0.2962275956317722,0.3566416700579645,0.23383039636958458,False,0.0,-0.692907143115567,-0.171113726664684,-0.0443198900121706,-0.0521783492914545,0.0,False,0.20990356556132903,0,1.0,0.020246700759738112,0.6990266945543555,False,
739184621,2025,012,Minas,B_STRATEGIC,0.012,0.002010073962457337,-0.26302156523018355,-0.29436774959886247,-0.45704888359446577,0.2299419439011717,0.4739818628008789,-0.24186586357106743,0.34406669721253236,-0.7057962584534314,False,0.0,-0.692907143115567,-0.171113726664684,-0.0443198900121706,-0.0521783492914545,0.0,False,-0.1150090121956378,0,1.0,0.0018503319026851386,0.6097403420448451,False,
739184621,2025,013,Maldonado,B_STRATEGIC,0.006,0.0010025092058050245,0.6381129663843242,-0.681328994682141,0.4087668740360497,-0.7807317072678921,-0.9113608940210252,0.2641910177037421,0.8092769024105959,-0.5669778177544927,False,0.0,-0.692907143115567,-0.171113726664684,-0.0443198900121706,-0.0521783492914545,0.0,False,-0.10824604661375829,0,1.0,0.0009273436310648505,0.7216859659284967,False,
739184621,2025,014,Piriápolis,D_VULNERABLE,0.11,0.01923490498096092,-0.5693518679569579,0.20418667347417474,0.4800304962795656,0.15457301565326553,-0.5975597054783166,0.4883541115456577,0.09112355494396007,-0.8412660824510592,False,0.0,-0.692907143115567,-0.171113726664684,-0.0443198900121706,-0.0521783492914545,0.0,False,-0.04372489247478415,0,1.0,0.018638785912879485,0.4790062626680025,False,
739184621,2025,015,Punta del Este,B_STRATEGIC,0.01,0.0016736538523104416,-0.15363098041541975,0.763449544707161,-0.08574746196386354,-0.9433169942904749,-0.5156919494624944,-0.1895355140171825,-0.24944400060959443,0.6319070101162809,False,0.0,-0.692907143115567,-0.171113726664684,-0.0443198900121706,-0.0521783492914545,0.0,False,-0.12418889109530522,0,1.0,0.0015304979964338333,0.8794228274353088,False,
739184621,2025,016,La Paloma,D_VULNERABLE,0.095,0.01649909655059567,-0.0061439475605573664,-0.03150735204681121,0.1792221875892427,-0.7825556061299304,-1.0726314410144564,0.6743934621420835,0.3220881818408674,0.024493905596360777,False,0.0,-0.692907143115567,-0.171113726664684,-0.0443198900121706,-0.0521783492914545,0.0,False,-0.11479466787120994,0,1.0,0.015190245281337916,0.2936800285378708,False,
739184621,2025,017,Montevideo Centro,A_CORE,0.0015,0.00025015639338155093,0.38780998771604885,-0.016120126605219498,-0.6664736707642933,-0.057853458747747055,-0.8609623382988446,-0.8130173413755504,0.47343325010686566,0.0678987116074608,False,0.0,-0.692907143115567,-0.171113726664684,-0.0443198900121706,-0.0521783492914545,0.0,False,-0.2528391095370212,0,1.0,0.00020852149656015346,0.5684758576997473,False,
739184621,2025,018,Pando,C_STANDARD,0.05,0.008512444610847103,-1.487423516859805,0.3316198474218154,-0.0898940306279081,0.4141236835895862,0.480941103735396,0.7072984388311774,0.7283336392938997,-0.21292707622344745,False,0.0,-0.692907143115567,-0.171113726664684,-0.0443198900121706,-0.0521783492914545,0.0,False,0.1267864204897644,0,1.0,0.009326085697183626,0.7662115487903564,False,
739184621,2025,019,WTC,B_STRATEGIC,0.009,0.001505656136097322,0.005856538861430505,0.8661830431217517,0.4296841059381321,-0.42576677523667295,0.007041884824554395,-0.23268380872966749,0.8596162908653997,0.41501998999761497,False,0.0,-0.692907143115567,-0.171113726664684,-0.0443198900121706,-0.0521783492914545,0.0,False,0.21062133109131256,0,1.0,0.0017522069933202569,0.263320277932225,False,
739184621,2025,020,Canelones,B_STRATEGIC,0.01,0.0016736538523104416,-0.6657025289995215,0.8571363460026843,0.759971384391113,0.025057895003080977,-0.4363810833110304,0.23703415235713904,0.43507818493687944,-0.4756440826513065,False,0.0,-0.692907143115567,-0.171113726664684,-0.0443198900121706,-0.0521783492914545,0.0,False,0.11241190763165046,0,1.0,0.0018147464216985438,0.8191418234850709,False,
739184621,2025,021,Durazno,C_STANDARD,0.03,0.005063670756198957,0.41141480231579614,-0.5857381036272358,-0.7611059744532486,0.28798011317006345,-0.3822663983572223,-0.05406364424864091,0.059613595813325204,0.20029267833096998,False,0.0,-0.692907143115567,-0.171113726664684,-0.0443198900121706,-0.0521783492914545,0.0,False,-0.16459152715349165,0,1.0,0.004497788208074981,0.8897154563227291,False,
739184621,2025,022,Rivera,B_STRATEGIC,0.012,0.002010073962457337,-0.46336653529469474,-0.5591276522607503,1.093068898254478,-0.378293321040233,-0.12217798526344147,-0.12278655733081459,1.0615803053103576,-0.07329808323706712,False,0.0,-0.692907143115567,-0.171113726664684,-0.0443198900121706,-0.0521783492914545,0.0,False,0.03494614749552695,0,1.0,0.0020612915344854705,0.04667404607345871,False,
739184621,2025,023,Las Piedras,C_STANDARD,0.042,0.007125740823183402,-0.68440971242245,0.0800319145989177,-0.15385422391969314,-0.4489067317313708,0.17540728436743575,0.5440227628774936,0.2940406636561673,-0.5964527264063342,False,0.0,-0.692907143115567,-0.171113726664684,-0.0443198900121706,-0.0521783492914545,0.0,False,-0.10254761725038382,0,1.0,0.00661857050951524,0.7203215552711908,False,
739184621,2025,024,Tacuarembó,B_STRATEGIC,0.013,0.0021784968818643335,0.19538950641419478,0.4081552754189297,-0.43745470375486295,0.7252172134519294,0.15574165849603477,-0.7277809617935631,-1.059017423834392,0.551787545254076,False,0.0,-0.692907143115567,-0.171113726664684,-0.0443198900121706,-0.0521783492914545,0.0,False,-0.0106703969775699,0,1.0,0.002161824301856083,0.9615170042386872,False,
739184621,2025,025,Prado,C_STANDARD,0.048,0.008164859015498682,-0.1951488248358455,-0.11283716954082618,-0.2344645567992561,0.7248078582140121,0.14935128391037317,0.5240536537474143,0.718712268788575,-0.11223028082847192,False,0.0,-0.692907143115567,-0.171113726664684,-0.0443198900121706,-0.0521783492914545,0.0,False,0.132546444748837,0,1.0,0.008982452029579,0.07753110593393697,False,
739184621,2025,026,Carrasco,C_STANDARD,0.035,0.005920268673714868,-0.3226528890528105,0.3370156125464108,-0.3483171920406855,0.9458614159184837,0.29483082217297674,0.26641958250989495,-0.09384260870514105,-0.1296719514387918,False,0.0,-0.692907143115567,-0.171113726664684,-0.0443198900121706,-0.0521783492914545,0.0,False,0.10825223859066757,0,1.0,0.006400162903572096,0.5702269529755741,False,
739184621,2025,027,Colonia del Sacramento,B_STRATEGIC,0.01,0.0016736538523104416,-0.7654568346615988,0.5168097436496674,-0.6210026480727691,-1.0795465308027818,-0.8589109510082621,-0.31883778709863553,1.2543458551893263,-1.3692095010440206,False,0.0,-0.692907143115567,-0.171113726664684,-0.0443198900121706,-0.0521783492914545,0.0,False,-0.4092171089498036,0,1.0,0.0012465414212265386,0.40119445436389956,False,
739184621,2025,028,Ciudad de la Costa,C_STANDARD,0.045,0.007644619866971847,-0.19282681722438547,0.3518482604240349,0.4454221813486952,-1.4064992208047178,-0.20412245753664493,-0.27956693525338555,0.6762649904430283,-1.2552078313066946,False,0.0,-0.692907143115567,-0.171113726664684,-0.0443198900121706,-0.0521783492914545,0.0,False,-0.10844068592169254,0,1.0,0.0070704549074984205,0.972599948024629,False,
739184621,2025,029,Florida,C_STANDARD,0.03,0.005063670756198957,1.2012663114142628,0.9982426613435689,0.083506331221881,-1.2331638062484287,-1.0325817160319495,-0.0517339083811789,0.29360438857059856,-0.1947485426760399,False,0.0,-0.692907143115567,-0.171113726664684,-0.0443198900121706,-0.0521783492914545,0.0,False,0.06335589069932542,0,1.0,0.0053000057607069904,0.39941887772146256,False,
739184621,2025,030,San José de Mayo,C_STANDARD,0.028,0.00472206159867683,-0.9946604095602465,0.3280669296023077,-0.8414488261999461,-0.744739977216403,1.710186293388667,-1.145294436306097,0.17926240667123045,0.4789778317773161,False,0.0,-0.692907143115567,-0.171113726664684,-0.0443198900121706,-0.0521783492914545,0.0,False,-0.15571939324447953,0,1.0,0.004221234076479391,0.20887514987859246,False,
739184621,2025,031,Mercedes,B_STRATEGIC,0.011,0.0018417930403104021,0.05010631037378355,0.5741898244402909,0.6829285099329621,0.1628950944455786,-0.3644612858001842,-0.4950046541170495,0.10296368070392485,-0.23542798902847584,False,0.0,-0.692907143115567,-0.171113726664684,-0.0443198900121706,-0.0521783492914545,0.0,False,0.09680317485881128,0,1.0,0.0019747422064483496,0.5275488127163868,False,
739184621,2025,032,Salto,B_STRATEGIC,0.008,0.0013377996300605322,0.05899133404211593,0.1637516926248484,0.45094047211614796,0.3726879426618245,0.36671136030131746,-0.42508139621954244,0.4966697244577417,1.2977820776617162,False,0.0,-0.692907143115567,-0.171113726664684,-0.0443198900121706,-0.0521783492914545,0.0,False,0.2832996413435352,0,1.0,0.0016405014198898281,0.04462470336747293,False,
739184621,2025,033,Trinidad,C_STANDARD,0.038,0.006436004347869617,0.06578196704486894,0.42984945527950735,0.4227893631128764,-0.11671042233524484,0.058201015238107306,0.44110688542783394,0.32501884103291256,0.27270050219477593,False,0.0,-0.692907143115567,-0.171113726664684,-0.0443198900121706,-0.0521783492914545,0.0,False,0.23023669181692744,0,1.0,0.007596429412822276,0.3075840139596101,False,
739184621,2025,034,Paysandú,B_STRATEGIC,0.009,0.001505656136097322,0.09226561304109604,-0.07247391728332131,0.9009506914005324,-0.42240253888219237,-0.12397800781000795,-0.6513912638481532,0.6836704724553642,-0.34639378453353,False,0.0,-0.692907143115567,-0.171113726664684,-0.0443198900121706,-0.0521783492914545,0.0,False,0.03541723745331226,0,1.0,0.001544544716411791,0.7605897301204172,False,
739184621,2025,035,Fray Bentos,C_STANDARD,0.032,0.0054058673761743226,0.3980441234131721,-0.7528223198546684,-0.39790187803764643,-0.1569548415415979,0.3671202715749983,-0.2773504892329105,0.4717378077093297,1.0646258403123223,False,0.0,-0.692907143115567,-0.171113726664684,-0.0443198900121706,-0.0521783492914545,0.0,False,-0.0025495800533770294,0,1.0,0.0053959529409350095,0.3304163139711519,False,
739184621,2025,036,Artigas,C_STANDARD,0.04,0.006780573220505293,-0.4466824019269037,0.06133251409633449,0.20848355357271636,-0.32296736119288605,-0.6579810581600525,0.6412635878197364,-0.42101272164872294,-0.6652930116412786,False,0.0,-0.692907143115567,-0.171113726664684,-0.0443198900121706,-0.0521783492914545,0.0,False,-0.16815873328497719,0,1.0,0.006007371846866259,0.11789182503585605,False,
739184621,2025,037,Colón,D_VULNERABLE,0.08,0.013800818181815777,0.5015840425038569,0.6431291470170271,-0.6407379034598315,-0.23890792471717454,0.15597207041647476,-0.7751596372259619,0.7442976749930181,0.3673472710717355,False,0.0,-0.692907143115567,-0.171113726664684,-0.0443198900121706,-0.0521783492914545,0.0,False,0.0388840804723317,0,1.0,0.014192652723764857,0.11753287115606548,False,
739184621,2026,001,Treinta y Tres,A_CORE,6e-05,1.0000250009190026e-05,0.5990008193426724,0.5934072674449218,1.1921529559731878,-0.7513843683353576,-1.1632128987894275,-0.9033972040762892,-0.18628591646758935,0.9653480030845242,False,0.0,-0.0837901648531383,0.3547579084657752,-0.0855676171669857,0.7869596798572575,0.54451743755864,True,0.11469547435623642,0,1.0,1.0861135153377612e-05,0.5301248421912231,False,
739184621,2026,002,Vergara,D_VULNERABLE,0.075,0.012909537991917963,-0.32935021965479705,-0.1249154544132913,1.0234076456113277,-0.15997809426009713,1.1992457264423508,0.2363638983518584,0.02267110365895575,0.21886368779849324,False,0.0,-0.0837901648531383,0.3547579084657752,-0.0855676171669857,0.7869596798572575,0.54451743755864,True,0.348280538371813,0,1.0,0.016588810553001158,0.9684343899081743,False,
739184621,2026,003,José Pedro Varela,C_STANDARD,0.028,0.00472206159867683,-0.10759565800767096,0.19591606514490423,-0.4793171262621972,0.12960328631505952,-0.6416908535224606,0.2258924350038755,0.031058544249947057,0.40253716312945176,False,0.0,-0.0837901648531383,0.3547579084657752,-0.0855676171669857,0.7869596798572575,0.54451743755864,True,-0.05812223426848443,0,1.0,0.004528530414013632,0.640334966791668,False,
739184621,2026,004,La Charqueada,D_VULNERABLE,0.095,0.01649909655059567,1.2426842180715139,-0.2657514745370954,-0.380822371289084,0.14923928226082922,0.3134422155078337,-0.10588761543623393,0.03215069739953108,-1.0552121958864893,False,0.0,-0.0837901648531383,0.3547579084657752,-0.0855676171669857,0.7869596798572575,0.54451743755864,True,0.10425284458147102,0,1.0,0.01778521818053917,0.03023494359001211,False,
739184621,2026,005,Melo,B_STRATEGIC,0.006,0.0010025092058050245,0.6543096249924374,0.1476553016672117,-0.19328768441323607,-0.06293203152803795,0.26076214746543736,0.6715799196048483,-0.16664324436865988,0.09861002137295577,False,0.0,-0.0837901648531383,0.3547579084657752,-0.0855676171669857,0.7869596798572575,0.54451743755864,True,0.2266872235556647,0,1.0,0.0011802436072169693,0.01885289680174196,False,
739184621,2026,006,Cerro Chato,D_VULNERABLE,0.09,0.015595556519907738,0.4131964857048475,-0.278238310460409,-0.739279325337627,0.5305059013759008,-0.05438947954068793,0.31421115508440667,1.1310001156595855,0.20185193707169405,False,0.0,-0.0837901648531383,0.3547579084657752,-0.0855676171669857,0.7869596798572575,0.54451743755864,True,0.130170527063785,0,1.0,0.01712790174400943,0.7955099833719937,False,
739184621,2026,007,Santa Clara de Olimar,D_VULNERABLE,0.12,0.021080201746559446,0.8097626915253053,0.13263174621113463,0.2854056620021242,-0.07883992330201708,0.04586273342895225,0.7890685668105104,0.1984125408145525,-0.17341919861751307,False,0.0,-0.0837901648531383,0.3547579084657752,-0.0855676171669857,0.7869596798572575,0.54451743755864,True,0.31939695062400875,0,1.0,0.026530634882352744,0.5577536979978245,False,
739184621,2026,008,Rocha,B_STRATEGIC,0.011,0.0018417930403104021,-0.2921107912465932,0.03708881841500386,-0.21621640397114683,-0.29568030960264907,-0.2835698192903768,-0.9155606778139138,-0.456526330242662,0.5584658663496525,False,0.0,-0.0837901648531383,0.3547579084657752,-0.0855676171669857,0.7869596798572575,0.54451743755864,True,-0.22569022665447214,0,1.0,0.001565558473423496,0.8384184592267794,False,
739184621,2026,009,Chuy,D_VULNERABLE,0.085,0.014696144149711432,-0.4788830809793923,-0.16720832847783684,0.7606302554639403,-1.1905763471594462,-0.31454020846674907,-0.855228270459744,0.1330469167969573,1.113272567521214,False,0.0,-0.0837901648531383,0.3547579084657752,-0.0855676171669857,0.7869596798572575,0.54451743755864,True,-0.11216544207188359,0,1.0,0.013555956412108081,0.8674541292752814,False,
739184621,2026,010,Río Branco,C_STANDARD,0.045,0.007644619866971847,-0.7902869122395163,0.44823702049502334,0.5354130040046234,-1.2614042296676835,0.5950682308988724,-0.26405014208298894,0.17393343382957743,-0.24876079316805177,False,0.0,-0.0837901648531383,0.3547579084657752,-0.0855676171669857,0.7869596798572575,0.54451743755864,True,0.00431062677162921,0,1.0,0.00766838295827243,0.4138051642709307,False,
739184621,2026,011,Aceguá,D_VULNERABLE,0.1,0.01740680614731016,0.011305802228522288,0.4202809459684048,-0.46817713760786195,0.29739919103920653,-0.3171211421708167,-0.46136978199151446,0.5622709783659497,0.11379153154972356,False,0.0,-0.0837901648531383,0.3547579084657752,-0.0855676171669857,0.7869596798572575,0.54451743755864,True,0.0016521659023682952,0,1.0,0.017427524898701956,0.970369960707199,False,
739184621,2026,012,Minas,B_STRATEGIC,0.012,0.002010073962457337,-0.45395958395277203,0.17231089996501023,-0.3295497284825551,0.3384385919531239,0.44242675466325376,-0.008488240743066713,-0.13823368811291437,-0.1651515283250639,False,0.0,-0.0837901648531383,0.3547579084657752,-0.0855676171669857,0.7869596798572575,0.54451743755864,True,0.018349521161051194,0,1.0,0.0020368065687952647,0.4977674643770219,False,
739184621,2026,013,Maldonado,B_STRATEGIC,0.006,0.0010025092058050245,-0.009323247178558314,-1.0109512539578658,0.4795029826154237,-0.6036721352269583,-1.2071251692752187,-0.19762465358965572,-0.14923871354734752,-0.2749697892538602,False,0.0,-0.0837901648531383,0.3547579084657752,-0.0855676171669857,0.7869596798572575,0.54451743755864,True,-0.30222094373372077,0,1.0,0.0008064664220174191,0.7221152088222468,False,
739184621,2026,014,Piriápolis,D_VULNERABLE,0.11,0.01923490498096092,-0.8505686320688288,-0.4058145080151487,0.8020262258750654,-0.24642290159409896,-0.621201683481531,0.7394235203112657,0.0880376243616257,-1.1600511949485148,False,0.0,-0.0837901648531383,0.3547579084657752,-0.0855676171669857,0.7869596798572575,0.54451743755864,True,-0.11002740257293098,0,1.0,0.01776991513547581,0.5238466845440516,False,
739184621,2026,015,Punta del Este,B_STRATEGIC,0.01,0.0016736538523104416,-0.07162910566556509,0.3793413756849794,0.34662871491993325,-1.0689664746480965,-0.5059738637746131,0.531952191799256,-0.3702575592408518,0.24441026850712744,False,0.0,-0.0837901648531383,0.3547579084657752,-0.0855676171669857,0.7869596798572575,0.54451743755864,True,-0.008278760923606819,0,1.0,0.0016637073641347492,0.2236974207989202,False,
739184621,2026,016,La Paloma,D_VULNERABLE,0.095,0.01649909655059567,-0.030878850813543333,-0.5017973766393062,0.5501696472366121,-0.7615859410583325,-0.7227145300489695,-0.008242743428818478,0.3095838809403937,0.5943135330894577,False,0.0,-0.0837901648531383,0.3547579084657752,-0.0855676171669857,0.7869596798572575,0.54451743755864,True,-0.0807679508876277,0,1.0,0.015566990834235519,0.4230315455667155,False,
739184621,2026,017,Montevideo Centro,A_CORE,0.0015,0.00025015639338155093,-0.35358230421727926,-0.5872307167338814,0.33872402344354297,0.2387865165997224,-0.7185782226676739,-0.23267228291343217,0.301614272288081,0.769326511936082,False,0.0,-0.0837901648531383,0.3547579084657752,-0.0855676171669857,0.7869596798572575,0.54451743755864,True,-0.07173295644116437,0,1.0,0.00023756435784384093,0.2998837369246613,False,
739184621,2026,018,Pando,C_STANDARD,0.05,0.008512444610847103,-1.2112176795521052,-0.1279645158684725,0.19902204601990514,-0.03285014718792123,1.204364240790107,0.6130223574376454,0.3660243791258249,0.45746768942595695,False,0.0,-0.0837901648531383,0.3547579084657752,-0.0855676171669857,0.7869596798572575,0.54451743755864,True,0.2125033388281563,0,1.0,0.009919788183594985,0.14292764525407753,False,
739184621,2026,019,WTC,B_STRATEGIC,0.009,0.001505656136097322,-0.467399734446479,0.5957659688285692,0.9921820103098986,-0.4978675447574237,0.5299591322333392,-0.4488964943037871,1.1415612501727488,1.203714521548377,True,0.9663885295248633,-0.0837901648531383,0.3547579084657752,-0.0855676171669857,0.7869596798572575,0.54451743755864,True,0.45507880513205157,0,1.0,0.0020894179068526985,0.6382306889839512,False,
739184621,2026,020,Canelones,B_STRATEGIC,0.01,0.0016736538523104416,-0.9048055249121434,1.5427600841830023,0.31085420074770376,-0.10700897524929211,0.03268398240592535,-0.5433068170680393,0.5282787331356227,-0.24377477613406318,False,0.0,-0.0837901648531383,0.3547579084657752,-0.0855676171669857,0.7869596798572575,0.54451743755864,True,0.12017819706817554,0,1.0,0.0018249224149737286,0.7961977878319119,False,
739184621,2026,021,Durazno,C_STANDARD,0.03,0.005063670756198957,0.11626289096064707,0.3541191887849461,-0.5411940934774317,0.2859692426055446,-0.3448201354616994,0.22862152903238314,-0.2646827824721981,-0.6417323240799698,False,0.0,-0.0837901648531383,0.3547579084657752,-0.0855676171669857,0.7869596798572575,0.54451743755864,True,-0.046050255535258565,0,1.0,0.004898531577752368,0.5837959867826411,False,
739184621,2026,022,Rivera,B_STRATEGIC,0.012,0.002010073962457337,0.07334677695995168,-0.035425765239550544,0.36586764081956624,-0.21723632413385885,0.8383874807977437,-0.32752877646716516,0.5954699050567789,0.23590281187523193,True,0.8917087035150937,-0.0837901648531383,0.3547579084657752,-0.0855676171669857,0.7869596798572575,0.54451743755864,True,0.3169525112726312,0,1.0,0.002525344090107179,0.234681264751758,False,
739184621,2026,023,Las Piedras,C_STANDARD,0.042,0.007125740823183402,-0.6378995913587328,-0.06673657585215295,0.5694139142300894,-0.9862807933606534,-0.6298659474797836,0.7489776058942315,0.32419989458951115,-0.6583871695164336,False,0.0,-0.0837901648531383,0.3547579084657752,-0.0855676171669857,0.7869596798572575,0.54451743755864,True,-0.11633044553293112,0,1.0,0.006553215040827686,0.6118669211584065,False,
739184621,2026,024,Tacuarembó,B_STRATEGIC,0.013,0.0021784968818643335,0.9284333596808547,-0.5545527804596473,-0.42275331849444786,0.48179964830668337,0.3095497120335187,-0.7331683392639444,-0.38291694925693137,-0.010356986895120712,False,0.0,-0.0837901648531383,0.3547579084657752,-0.0855676171669857,0.7869596798572575,0.54451743755864,True,0.0096740526986576,0,1.0,0.0021937237737943787,0.21898039554107707,False,
739184621,2026,025,Prado,C_STANDARD,0.048,0.008164859015498682,-0.12897017874495087,-0.058530435018793917,0.11537746070703872,0.43968166160738154,0.22350010525515235,0.08560421480323172,0.2623360666518255,-0.163675510557214,False,0.0,-0.0837901648531383,0.3547579084657752,-0.0855676171669857,0.7869596798572575,0.54451743755864,True,0.13316793444450292,0,1.0,0.00898647232999132,0.004730464420050096,True,COST_OPTIMIZATION
739184621,2026,026,Carrasco,C_STANDARD,0.035,0.005920268673714868,-0.37166314563775826,0.2671039743474999,-0.23099209191666095,0.6458809743247106,0.11148475254587406,-0.1425990429045691,-0.35723233591923,-0.14964021387322393,False,0.0,-0.0837901648531383,0.3547579084657752,-0.0855676171669857,0.7869596798572575,0.54451743755864,True,0.015444205032780524,1,0.32,0.0019156698955586733,0.978598877377677,False,
739184621,2026,027,Colonia del Sacramento,B_STRATEGIC,0.01,0.0016736538523104416,0.212326065602219,0.9401790153239311,-0.3196112875076569,-0.32443006597555474,-0.6203524804390657,-0.5429834286223142,1.1630698284227,-0.9231338769398298,False,0.0,-0.0837901648531383,0.3547579084657752,-0.0855676171669857,0.7869596798572575,0.54451743755864,True,-0.02457159013220204,1,0.32,0.0005261775076359954,0.9920871910381939,False,
739184621,2026,028,Ciudad de la Costa,C_STANDARD,0.045,0.007644619866971847,-0.863860878383928,-0.505750796355594,-0.07224636594625378,-1.3534602055195553,0.001464736595080951,0.3589078594644173,0.8646662890074629,-1.5676604114826196,False,0.0,-0.0837901648531383,0.3547579084657752,-0.0855676171669857,0.7869596798572575,0.54451743755864,True,-0.2551995354246536,1,0.32,0.002035668296802968,0.18898220608302152,False,
739184621,2026,029,Florida,C_STANDARD,0.03,0.005063670756198957,0.39659594942386156,-0.44075902998629846,-0.5551052956048341,-0.6608090330217733,-1.1045575826480452,-0.4270818613131676,0.749400528293708,-0.5213200744255434,False,0.0,-0.0837901648531383,0.3547579084657752,-0.0855676171669857,0.7869596798572575,0.54451743755864,True,-0.318667409015816,1,0.32,0.0012881625826739037,0.7468265729230937,False,
739184621,2026,030,San José de Mayo,C_STANDARD,0.028,0.00472206159867683,-1.3368164658824389,-0.4758367396410966,-0.32332918395903937,-0.15781089842288953,1.2192042041085824,-0.8059846602699792,0.1775851466724909,0.5126248333706817,False,0.0,-0.0837901648531383,0.3547579084657752,-0.0855676171669857,0.7869596798572575,0.54451743755864,True,-0.11926275789190746,1,0.32,0.0013867210654775208,0.9857847910706697,False,
739184621,2026,031,Mercedes,B_STRATEGIC,0.011,0.0018417930403104021,0.35970955428802787,0.2710153035962103,1.0423668099362466,-0.06561639372929812,0.25171924108465216,0.37909952543944125,0.13525974981515967,0.6826749378633024,False,0.0,-0.0837901648531383,0.3547579084657752,-0.0855676171669857,0.7869596798572575,0.54451743755864,True,0.43808945422738715,1,0.32,0.000807937721655997,0.4217900919915376,False,
739184621,2026,032,Salto,B_STRATEGIC,0.008,0.0013377996300605322,-0.12060984162564745,0.42218126376089005,0.6376521050419596,0.38957035322302147,0.7025434672146063,-0.058934833469198034,0.7813384282638,0.4936833653536481,False,0.0,-0.0837901648531383,0.3547579084657752,-0.0855676171669857,0.7869596798572575,0.54451743755864,True,0.4265420841163124,1,0.32,0.0005819924607044215,0.2514873571220536,False,
739184621,2026,033,Trinidad,C_STANDARD,0.038,0.006436004347869617,0.2735750771623552,0.24674106616736208,0.01004421004751016,-0.37638529790774045,-0.29139966136850903,0.8208004169595656,0.6939695831507627,-0.02031539544616992,False,0.0,-0.0837901648531383,0.3547579084657752,-0.0855676171669857,0.7869596798572575,0.54451743755864,True,0.17600751388562513,1,0.32,0.0023377736187825547,0.6598834122193603,False,
739184621,2026,034,Paysandú,B_STRATEGIC,0.009,0.001505656136097322,0.04204062588566635,-0.13432128085695183,1.219041688195106,-0.2137821798768455,-0.7621782526167524,-0.12217391934499611,0.8089646606800207,-0.9129695707515528,False,0.0,-0.0837901648531383,0.3547579084657752,-0.0855676171669857,0.7869596798572575,0.54451743755864,True,0.07591066794669647,1,0.32,0.0005088765489741991,0.45561361997178274,False,
739184621,2026,035,Fray Bentos,C_STANDARD,0.032,0.0054058673761743226,0.2537892756635883,-0.833783549849728,0.3191567410334869,-0.31521807474534536,-0.08160168660537001,-0.3653810742527964,-0.08268480088554503,0.857535659423308,False,0.0,-0.0837901648531383,0.3547579084657752,-0.0855676171669857,0.7869596798572575,0.54451743755864,True,-0.02989946514753284,1,0.32,0.0016930354070926479,0.6841754865482736,False,
739184621,2026,036,Artigas,C_STANDARD,0.04,0.006780573220505293,-1.4372159126145756,0.17769942728472546,0.7590447574548829,-0.12011413055167416,-0.1737704983132199,-0.5425547742926715,0.3468370200360939,-0.06222851227410808,False,0.0,-0.0837901648531383,0.3547579084657752,-0.0855676171669857,0.7869596798572575,0.54451743755864,True,-0.04327471570942023,1,0.32,0.0021032201303347584,0.9395878908727712,False,
739184621,2026,037,Colón,D_VULNERABLE,0.08,0.013800818181815777,0.11202558728662884,0.8621314729839318,0.1978773473285398,0.4505975022452088,0.30091300638185503,-0.279589199260717,1.4532813113150007,0.21100823992830525,False,0.0,-0.0837901648531383,0.3547579084657752,-0.0855676171669857,0.7869596798572575,0.54451743755864,True,0.4028370556601879,1,0.32,0.00590226559189894,0.10550286539811482,False,
